SLiM,Viral_protein,Observation_in_potentially_mimicked_human_protein_candidates,P_value(adjusted),Potentially_mimicked_human_proteins_with_this_SLiM
NxxxSRxP,Envelope,5,3.00E-03,WDR33;RBMX;RBMXL1;BCLAF1;PRPF4B;
SGxxxGxS,ORF7a,7,6.20E-03,SMARCAD1;MAPT;CHD3;GSK3A;HNRNPD;SOX2;VCP;
ATAxExxE,NSP8,8,5.40E-05,KPNA1;TUBB2A;TUBB4B;TUBB3;TUBB2B;NUMA1;NLRP5;BRIX1;
SRSRxxSR,Nucleocapsid,38,5.90E-15,TRA2A;SRRM1;SREK1;NKAP;LUC7L;BCLAF1;DHX8;SRSF1;THRAP3;NKTR;DLST;CPSF7;SON;SRSF10;SRSF3;SRSF4;SRSF6;SRSF7;SRSF8;SRSF9;SCAF8;RSRC2;TOPORS;TRA2B;RBM26;PNISR;RBM25;PPIG;GPATCH8;LUC7L3;LBR;CPSF6;ACIN1;CCNL1;CCNL2;ARL6IP4;CHERP;CLASRP;
SRSRxxxR,Nucleocapsid,47,2.60E-14,TRA2A;CHD4;U2AF2;LUC7L2;CLK3;SRRM1;SNRNP70;SREK1;PNN;NKAP;LUC7L;BCLAF1;DHX8;SRSF1;U2AF1;THRAP3;ZNF638;NKTR;DLST;CPSF7;SON;SRSF10;SRSF3;SRSF4;SRSF6;SRSF7;SRSF8;SRSF9;SCAF8;RSRC1;RSRC2;TOPORS;TRA2B;RBM26;PNISR;RBM25;PPIG;GPATCH8;LUC7L3;LBR;CPSF6;ACIN1;CCNL1;CCNL2;ARL6IP4;CHERP;CLASRP;
SxSRxxSR,Nucleocapsid,48,4.10E-13,TRA2A;U2AF2;LUC7L2;SRRM1;SREK1;PNN;NKAP;LUC7L;BCLAF1;EIF3A;DHX8;SRSF1;XRN1;TTC14;THRAP3;NKTR;DLST;CPSF7;SON;SRSF10;SRSF3;SRSF4;SRSF6;SRSF7;SRSF8;SRSF9;SCAF8;ZNF592;RSRC1;RSRC2;TOPORS;TRA2B;RBM26;NCAPD3;PNISR;RBM25;PPIG;GPATCH8;LUC7L3;LBR;CPSF6;CAMSAP2;ACIN1;CCNL1;CCNL2;ARL6IP4;CHERP;CLASRP;
RxxSRSR,Nucleocapsid,46,2.00E-12,TRA2A;ZFC3H1;U2AF2;LUC7L2;SRRM1;SNRNP70;SREK1;NKAP;LUC7L;BCLAF1;DHX8;SRSF1;U2AF1;THRAP3;ZNF638;PHRF1;PRPF40A;NKTR;CPSF7;SON;SRSF10;SRSF3;SRSF4;SRSF6;SRSF7;SRSF8;SCAF8;RSRC1;RSRC2;TRA2B;PCF11;PALLD;RBM26;PNISR;PPIG;GPATCH8;LUC7L3;LBR;MTCL1;CPSF6;ACIN1;CCNL1;CCNL2;ARL6IP4;CHERP;CLASRP;
SRxxSxSR,Nucleocapsid,42,2.60E-12,TRA2A;LUC7L2;SRRM1;SREK1;NKAP;MAST3;LUC7L;FXR2;BCLAF1;DHX8;SRSF1;THRAP3;ZNF638;PHRF1;NKTR;CPSF7;SON;SRSF10;SRSF3;SRSF4;SRSF6;SRSF7;SRSF8;SRSF9;TTLL7;SCAF8;RSRC2;TRA2B;RBM26;PNISR;GPATCH8;LBR;FXR1;MATN2;ACIN1;CCNL1;CCNL2;DCTN1;ARL6IP4;CHERP;CLASP2;CLASRP;
SRSxxxSR,Nucleocapsid,43,2.70E-12,TRA2A;LUC7L2;SRRM1;SREK1;NKAP;LUC7L;BCLAF1;DHX8;SRSF1;THRAP3;PHRF1;NKTR;DLST;CPSF7;SON;SRSF10;SRSF3;SRSF4;SRSF6;SRSF7;SRSF8;SRSF9;SCAF8;TATDN2;RSRC2;TOPORS;TRA2B;RBM26;PNISR;RBM25;PPIG;MAP4K4;GPATCH8;LUC7L3;LBR;CPSF6;ACIN1;CCNL1;CCNL2;CEP170;ARL6IP4;CHERP;CLASRP;
SRSxSxSR,Nucleocapsid,33,2.40E-12,TRA2A;LUC7L2;SRRM1;SREK1;NKAP;LUC7L;BCLAF1;DHX8;SRSF1;THRAP3;PHRF1;NKTR;SON;SRSF10;SRSF3;SRSF4;SRSF6;SRSF7;SRSF8;SRSF9;SCAF8;RSRC2;TRA2B;RBM26;PNISR;GPATCH8;LBR;ACIN1;CCNL1;CCNL2;ARL6IP4;CHERP;CLASRP;
RSxSRxR,Nucleocapsid,49,2.30E-12,TRA2A;ZC3HAV1;U2AF2;LUC7L2;SRRM1;SNRNP70;SREK1;PNN;NKAP;LUC7L;BCLAF1;DHX8;SRSF1;U2AF1;SUPT16H;THRAP3;ZNF638;PHRF1;NKTR;GIGYF2;AUTS2;CPSF7;SON;SRSF10;SRSF3;SRSF4;SRSF6;SRSF7;SRSF8;SRSF9;SCAF8;RSRC1;RSRC2;TOPORS;TRA2B;RBM12B;RBM26;PNISR;PPIG;GPATCH8;LUC7L3;LBR;MATN2;ACIN1;CCNL1;CCNL2;ARL6IP4;CHERP;CLASRP;
SRSxSRxR,Nucleocapsid,38,3.20E-12,TRA2A;U2AF2;LUC7L2;SRRM1;SREK1;PNN;NKAP;LUC7L;BCLAF1;DHX8;SRSF1;U2AF1;SUPT16H;THRAP3;NKTR;SON;SRSF10;SRSF3;SRSF4;SRSF6;SRSF7;SRSF8;SRSF9;SCAF8;RSRC1;RSRC2;TRA2B;RBM26;PNISR;PPIG;GPATCH8;LBR;ACIN1;CCNL1;CCNL2;ARL6IP4;CHERP;CLASRP;
SRSxxRxR,Nucleocapsid,47,3.30E-12,TRA2A;TERF2;U2AF2;LUC7L2;CLK3;SRRM1;RNPS1;SNRNP70;SREK1;PNN;NKAP;LUC7L;BCLAF1;DHX8;SRSF1;U2AF1;SUPT16H;THRAP3;ZNF638;RBM8A;NKTR;SON;SRSF10;SRSF3;SRSF4;SRSF6;SRSF7;SRSF8;SRSF9;SCAF8;RSRC1;RSRC2;TOPORS;TRA2B;RBM26;PNISR;PPIG;GPATCH8;GTPBP4;LUC7L3;LBR;ACIN1;CCNL1;CCNL2;ARL6IP4;CHERP;CLASRP;
RSxSRSR,Nucleocapsid,34,4.70E-12,TRA2A;U2AF2;LUC7L2;SRRM1;NKAP;BCLAF1;DHX8;SRSF1;U2AF1;THRAP3;ZNF638;NKTR;CPSF7;SON;SRSF10;SRSF3;SRSF4;SRSF6;SRSF7;SRSF8;SCAF8;RSRC1;RSRC2;TRA2B;RBM26;PNISR;LUC7L3;LBR;ACIN1;CCNL1;CCNL2;ARL6IP4;CHERP;CLASRP;
SRSxSxxR,Nucleocapsid,53,6.30E-12,TRA2A;ZC3H3;U2AF2;LUC7L2;CLK3;SRRM1;SREK1;PNN;NKAP;MAST3;LUC7L;BCLAF1;DHX8;SRSF1;U2AF1;SUPT16H;SP100;THRAP3;ZNF638;PHRF1;NKTR;HNRNPDL;SON;SRSF10;SRSF3;SRSF4;SRSF6;SRSF7;SRSF8;SRSF9;TTLL7;SCAF8;RSRC1;RSRC2;USP2;TOPORS;TRA2B;RBM26;PNISR;PPHLN1;PPIG;GPATCH8;LBR;DLGAP4;CACNA1A;ACIN1;CCNL1;CCNL2;ARL6IP4;CHERP;CLASP2;CLASRP;CLK4;
SRxRxxSR,Nucleocapsid,43,7.60E-12,TRA2A;CLK3;SRRM1;SFPQ;SREK1;NKAP;LUC7L;BCLAF1;DHX8;SRSF1;THRAP3;ZNF638;NKTR;DLST;CPSF7;SON;SRSF10;SRSF3;SRSF4;SRSF6;SRSF7;SRSF8;SRSF9;SCAF8;RSRC2;TOPORS;TRA2B;PER1;RBM26;PNISR;RBM25;PPIG;GPATCH8;LUC7L3;LBR;MATN2;CPSF6;ACIN1;CCNL1;CCNL2;ARL6IP4;CHERP;CLASRP;
RSxxRSR,Nucleocapsid,41,1.20E-11,TRA2A;U2AF2;LUC7L2;SRRM1;SREK1;NKAP;BCLAF1;DHX8;SRSF1;SGTA;U2AF1;THRAP3;ZNF638;NKTR;CPSF7;SON;SRSF10;SRSF3;SRSF4;SRSF6;SRSF7;SRSF8;SCAF8;RSRC1;RSRC2;TRA2B;RBM26;PNISR;PPIG;GPATCH8;LUC7L3;LBR;LNX1;EDC3;ACIN1;DROSHA;CCNL1;CCNL2;ARL6IP4;CHERP;CLASRP;
SRSRxxS,Nucleocapsid,49,1.30E-11,TRA2A;ZFC3H1;LUC7L2;SRRM1;SREK1;PNN;PABPN1;NKAP;LUC7L;BCLAF1;DHX8;SRSF1;THRAP3;ZNF638;PHRF1;PRPF40A;NKTR;MAP3K14;DLST;CPSF7;SON;SRSF10;SRSF3;SRSF4;SRSF6;SRSF7;SRSF8;SRSF9;SCAF8;SLX4;RSRC2;TOPORS;TRA2B;RBM26;PNISR;RBM25;PPIG;GPATCH8;ELF1;LUC7L3;LBR;CPSF6;ACIN1;CCNL1;CCNL2;CENPO;ARL6IP4;CHERP;CLASRP;
SRxxSRSR,Nucleocapsid,28,1.50E-11,TRA2A;LUC7L2;SRRM1;NKAP;BCLAF1;DHX8;SRSF1;THRAP3;ZNF638;PHRF1;NKTR;SRSF10;SRSF3;SRSF4;SRSF6;SRSF7;SRSF8;SCAF8;RSRC2;TRA2B;RBM26;LBR;ACIN1;CCNL1;CCNL2;ARL6IP4;CHERP;CLASRP;
SRSxxRSR,Nucleocapsid,27,3.70E-10,TRA2A;LUC7L2;SRRM1;SREK1;NKAP;DHX8;SRSF1;THRAP3;NKTR;SRSF10;SRSF3;SRSF4;SRSF6;SRSF7;SRSF8;RSRC2;TRA2B;RBM26;PPIG;GPATCH8;LBR;ACIN1;CCNL1;CCNL2;ARL6IP4;CHERP;CLASRP;
RSRxxSR,Nucleocapsid,44,4.50E-10,TRA2A;LUC7L2;SRRM1;SREK1;NKAP;LUC7L;BCLAF1;DHX8;SRSF1;U2AF1;THRAP3;ZNF638;NKTR;DLST;CLK2;CPSF7;SON;SRSF10;SRSF3;SRSF4;SRSF6;SRSF7;SRSF8;SRSF9;SCAF8;RSRC1;RSRC2;TOPORS;TRA2B;RBM26;PNISR;RBM25;PPIG;GPATCH8;LUC7L3;LBR;CPSF6;ACIN1;CCNL1;CCNL2;ARL6IP4;CHERP;DHX38;CLASRP;
SRSxSRSR,Nucleocapsid,24,6.90E-10,TRA2A;LUC7L2;SRRM1;NKAP;DHX8;SRSF1;THRAP3;NKTR;SRSF10;SRSF3;SRSF4;SRSF6;SRSF7;SRSF8;RSRC2;TRA2B;RBM26;LBR;ACIN1;CCNL1;CCNL2;ARL6IP4;CHERP;CLASRP;
SxSxSRSR,Nucleocapsid,31,8.90E-10,TRA2A;U2AF2;LUC7L2;SRRM1;PNN;NKAP;BCLAF1;DHX8;SRSF1;THRAP3;PHRF1;NKTR;SRCIN1;SRSF10;SRSF3;SRSF4;SRSF6;SRSF7;SRSF8;RSRC2;TOPORS;TRA2B;RBM26;GPATCH8;LBR;ACIN1;CCNL1;CCNL2;ARL6IP4;CHERP;CLASRP;
SRxxSRxR,Nucleocapsid,42,1.10E-09,TRA2A;U2AF2;LUC7L2;SRRM1;SREK1;PNN;NKAP;LUC7L;BCLAF1;DHX8;SRSF1;U2AF1;SUPT16H;THRAP3;ZNF638;PHRF1;NKTR;SON;SRSF10;SRSF3;SRSF4;SRSF6;SRSF7;SRSF8;SRSF9;SCAF8;RSRC1;RSRC2;TOPORS;TRA2B;RBM26;PNISR;RBM25;PPIG;GPATCH8;LBR;ACIN1;CCNL1;CCNL2;ARL6IP4;CHERP;CLASRP;
SxSRSR,Nucleocapsid,41,2.80E-09,TRA2A;U2AF2;LUC7L2;SRRM1;PNN;NKAP;LUC7L;BCLAF1;DHX8;SRSF1;U2AF1;THRAP3;ZNF638;PHRF1;NKTR;CPSF7;SON;SRCIN1;SRSF10;SRSF3;SRSF4;SRSF6;SRSF7;SRSF8;SCAF8;RSRC1;RSRC2;TOPORS;TRA2B;RBM26;PNISR;PPIG;GPATCH8;LUC7L3;LBR;ACIN1;CCNL1;CCNL2;ARL6IP4;CHERP;CLASRP;
SxSxxRSR,Nucleocapsid,39,3.60E-09,TRA2A;U2AF2;LUC7L2;SRPK2;SRRM1;SREK1;PNN;NKAP;BCLAF1;DHX8;SRSF1;THRAP3;ZNF638;PHRF1;NKTR;SRCIN1;SRSF10;SRSF3;SRSF4;SRSF6;SRSF7;SRSF8;SLX4;RSRC2;TOPORS;TRA2B;RBM26;NCAPD3;PPIG;GPATCH8;KIF18B;LBR;ACIN1;CCNL1;CCNL2;ARL6IP4;CHERP;CLASRP;CLK4;
SxSxSRxR,Nucleocapsid,47,5.80E-09,TRA2A;U2AF2;LUC7L2;SRRM1;RNPS1;SREK1;PNN;NKAP;MAST3;LUC7L;BCLAF1;DHX8;SRSF1;U2AF1;SUPT16H;THRAP3;PHRF1;NKTR;CPSF7;SON;SRCIN1;SRSF10;SRSF3;SRSF4;SRSF6;SRSF7;SRSF8;SRSF9;SCAF8;RSRC1;RSRC2;TOPORS;TRA2B;PHC2;RBM26;PNISR;PPIG;NEFH;GPATCH8;LBR;ACIN1;CCNL1;CCNL2;CCNT2;ARL6IP4;CHERP;CLASRP;
RSxSRS,Nucleocapsid,46,5.90E-09,TRA2A;U2AF2;LUC7L2;CLK3;SRRM1;SREK1;NKAP;LUC7L;BCLAF1;DHX8;SRSF1;U2AF1;THRAP3;ZNF638;PRPF40A;NKTR;HLX;CPSF7;SON;UTP14A;SRSF10;SRSF3;SRSF4;SRSF6;SRSF7;SRSF8;SCAF8;RSRC1;TATDN2;RSRC2;TOPORS;TRA2B;PCF11;RBM26;PNISR;RBM12;GPATCH8;LUC7L3;LBR;ACIN1;CCNL1;CCNL2;AHCYL1;ARL6IP4;CHERP;CLASRP;
SRxxxRSR,Nucleocapsid,36,5.70E-09,TRA2A;LUC7L2;CLK3;SRRM1;SFPQ;SREK1;NKAP;BCLAF1;DHX8;SRSF1;THRAP3;ZNF638;PHRF1;NKTR;CPSF7;SRSF10;SRSF3;SRSF4;SRSF6;SRSF7;SRSF8;SCAF8;RSRC2;TRA2B;RBM26;PNISR;PPIG;GPATCH8;LUC7L3;LBR;ACIN1;CCNL1;CCNL2;ARL6IP4;CHERP;CLASRP;
SRSxSR,Nucleocapsid,44,1.10E-08,TRA2A;U2AF2;LUC7L2;SRRM1;SREK1;PNN;NKAP;LUC7L;BCLAF1;DDX3X;DHX8;SRSF1;U2AF1;SUPT16H;THRAP3;ZNF638;NKTR;SON;SRSF10;SRSF3;SRSF4;SRSF6;SRSF7;SRSF8;SRSF9;SCAF8;RSRC1;RSRC2;TOPORS;TRA2B;RBM26;PNISR;PPIG;GPATCH8;LUC7L3;LBR;DDX50;ABI2;ACIN1;CCNL1;CCNL2;ARL6IP4;CHERP;CLASRP;
SRSxSRS,Nucleocapsid,31,1.60E-08,TRA2A;LUC7L2;SRRM1;SREK1;NKAP;BCLAF1;DHX8;SRSF1;THRAP3;ZNF638;NKTR;SRSF10;SRSF3;SRSF4;SRSF6;SRSF7;SRSF8;SCAF8;RSRC1;RSRC2;TOPORS;TRA2B;RBM26;GPATCH8;LBR;ACIN1;CCNL1;CCNL2;ARL6IP4;CHERP;CLASRP;
SxSxSxSR,Nucleocapsid,52,1.60E-08,TRA2A;U2AF2;LUC7L2;SRRM1;RNPS1;SREK1;PNN;NKAP;LUC7L;BCLAF1;DDX3X;DHX8;SRSF1;THRAP3;UBAP2;PHRF1;NKTR;SON;SRCIN1;SRSF10;SRSF3;SRSF4;SRSF6;SRSF7;SRSF8;SRSF9;ZFYVE26;SSRP1;SMTN;SCAF8;RSRC1;RSRC2;ZNF655;TOPORS;TRA2B;PHC2;RAPGEF6;RBM26;PNISR;NEFH;RPS6KA2;GPATCH8;GPR161;LBR;ACIN1;CCNL1;CCNL2;CCNT2;ARL6IP4;CHERP;CLASRP;CKAP4;
SxxxSRSR,Nucleocapsid,36,3.10E-08,TRA2A;U2AF2;LUC7L2;SRRM1;SREK1;PNN;NKAP;BCLAF1;DHX8;SRSF1;THRAP3;ZNF638;PHRF1;NKTR;SON;SRCIN1;SRSF10;SRSF3;SRSF4;SRSF6;SRSF7;SRSF8;SRSF9;SCAF8;RSRC2;TOPORS;TRA2B;RBM26;GPATCH8;LBR;ACIN1;CCNL1;CCNL2;ARL6IP4;CHERP;CLASRP;
RSxxRxR,Nucleocapsid,83,8.20E-08,TRA2A;PIH1D1;ZC3HAV1;TERF2;U2AF2;LUC7L2;CLK3;SRRM1;RNPS1;SNRNP70;SREK1;PNN;NKAP;LUC7L;MECP2;BCLAF1;DHX8;SRSF1;SGTA;U2AF1;SUPT16H;THRAP3;SMG6;ZNF638;RPL26;PCGF6;PHRF1;RBM8A;NKTR;HIRIP3;GIGYF2;MAGI1;EIF4B;DHX15;AUTS2;CPSF7;SON;SRSF10;SRSF3;SRSF4;SRSF6;SRSF7;SRSF8;SRSF9;SCAF8;RSRC1;TSPYL2;RSRC2;YTHDC1;TOPORS;ZMYM4;RTKN;TRA2B;PCF11;PDS5B;RBM12B;RBM26;PNISR;PPIG;RPL26L1;GIGYF1;GPATCH8;GTPBP4;LUC7L3;KLF1;LARP1B;LBR;LNX1;MARVELD2;MATN2;DDX50;CROCC;BCL7C;CPSF6;EDC3;ACIN1;DROSHA;CCNL1;CCNL2;ARL6IP4;CHERP;DHX38;CLASRP;
SRSxxRS,Nucleocapsid,36,1.50E-07,TRA2A;LUC7L2;SRRM1;SREK1;PNN;NKAP;BCLAF1;DHX8;SRSF1;THRAP3;SAFB2;ZNF638;MYO18A;NKTR;SRSF10;SRSF3;SRSF4;SRSF6;SRSF7;SRSF8;SCAF8;RSRC1;RSRC2;TOPORS;TRA2B;RBM26;PPIG;GPATCH8;LUC7L3;LBR;ACIN1;CCNL1;CCNL2;ARL6IP4;CHERP;CLASRP;
RxRxxSR,Nucleocapsid,90,2.90E-07,SIRT7;TRA2A;TNIP2;ZC3HAV1;U2AF2;LUC7L2;CLK3;SRRM1;RNPS1;LMNA;SNRNP70;SFPQ;SREK1;PNN;NKAP;NFKB2;MAST3;LUC7L;BCLAF1;DHX8;SRSF1;U2AF1;THRAP3;ZNF638;RPL18;RBM3;PRPF40A;NKTR;HDAC5;HIRA;GIGYF2;DLST;CLK2;CPSF7;CBX8;SON;UBAP2L;SRSF10;SRSF3;SRSF4;SRSF6;SRSF7;SRSF8;SRSF9;TWIST1;STX12;SCAF8;RSRC1;RSRC2;SNIP1;YBX3;TOPORS;TP53BP1;ZNF106;TRA2B;PCF11;PER1;PALLD;RBM26;PNISR;NCBP3;PTPN21;NOL8;RBM25;PPIG;NADK;GPATCH8;LUC7L3;LBR;LSM14B;IGBP1;MATN2;IRS4;DCAF6;CPSF6;CACNA1A;ADNP2;ACIN1;DROSHA;CCDC9;CCNL1;CCNL2;ATAD2;ARL6IP4;CHERP;DHX38;DMTN;DNMT1;CIRBP;CLASRP;
RSxSxSR,Nucleocapsid,42,2.90E-07,TRA2A;U2AF2;LUC7L2;SRRM1;SREK1;NKAP;LUC7L;BCLAF1;DHX8;SRSF1;U2AF1;THRAP3;ZNF638;PHRF1;NKTR;CPSF7;SON;SRSF10;SRSF3;SRSF4;SRSF6;SRSF7;SRSF8;SRSF9;SCAF8;RSRC1;RSRC2;TRA2B;RBM26;PNISR;NEFM;GPATCH8;GTPBP4;LUC7L3;LBR;ACIN1;CCNL1;CCNL2;ACSS2;ARL6IP4;CHERP;CLASRP;
SRxxSRS,Nucleocapsid,38,3.00E-07,TRA2A;LUC7L2;SRRM1;SREK1;NKAP;BCLAF1;DHX8;SRSF1;THRAP3;ZNF638;PHRF1;NKTR;DLST;CLK2;SRSF10;SRSF3;SRSF4;SRSF6;SRSF7;SRSF8;SCAF8;RSRC1;RSRC2;TOPORS;TRA2B;RBM26;PNISR;GPATCH8;LBR;DDX50;ACIN1;CCNL1;CCNL2;ARL6IP4;CHERP;DHX38;CLASP2;CLASRP;
KKxKKxK,Nucleocapsid,60,5.30E-07,LARP7;CHD3;NOP56;CHD4;SRRM1;RPL6;ZCRB1;NKAP;NOP58;MECP2;DKC1;DDX24;EIF2S2;YAF2;RYBP;TOP1;MYO18A;RPL17;PRPF40A;PSMD2;NKAPD1;NKTR;KNOP1;GIGYF2;GNL2;EIF4B;HSP90AA1;SON;SPATS2;SREK1IP1;ZCCHC17;SSRP1;SMARCA4;SDAD1;TAF1;TCOF1;TOPORS;PARP1;NMT2;RABL6;PHF20;PKP4;PNISR;PPIG;REXO4;RNF10;N4BP2;PSMC1;PARN;KLHDC4;GPATCH8;EPS8;FERMT3;INO80B;MED19;HSP90AB1;DDX21;CPNE8;CEP164;ARL6IP4;
SxxRxxSR,Nucleocapsid,80,1.40E-06,TRA2A;ZFC3H1;U2AF2;LUC7L2;CLK3;SRRM1;RNPS1;JMJD6;SFPQ;SREK1;PNN;NKAP;LUC7L;FXR2;BCLAF1;EIF3A;DHX8;SRSF1;VSX1;SLBP;SP100;XRN1;TTC14;THRAP3;ZNF638;PHRF1;NKTR;DLST;CPSF7;CASC3;SON;SF1;SDHA;SRSF10;SRSF3;SRSF4;SRSF6;SRSF7;SRSF8;SRSF9;SCAF8;SYNPO;ZNF592;RSRC1;RSRC2;USP43;TOPORS;TRA2B;PCF11;PER1;RBM12B;RBM26;NCAPD3;PNISR;RBM25;PPIG;NCOR2;GOLGA4;GPATCH8;KIF13B;LUC7L3;MAGED2;MSH6;LARP1B;LBR;MATN2;DDX50;CPSF6;ABI2;CAMSAP2;ACIN1;CCNL1;CCNL2;ANKRD11;ARL6IP4;CHERP;CLASRP;CLK4;ATP5MC3;EFCAB11;
SxSRxxxR,Nucleocapsid,81,1.70E-06,MEPCE;TRA2A;CHD4;U2AF2;LUC7L2;CLK3;SRRM1;SNRNP70;SREK1;PNN;NKAP;RNF123;LUC7L;BCLAF1;EIF3A;DHX8;SRSF1;U2AF1;XRN1;TTC14;THRAP3;SAFB2;ZNF638;PHRF1;NKTR;HIRIP3;GIGYF2;FGF2;DLST;CPSF7;SON;WDR81;SRSF10;SRSF3;SRSF4;SRSF6;SRSF7;SRSF8;SRSF9;SCAF8;ZNF592;TRIM41;RSRC1;RSRC2;TNFRSF21;TOPORS;TP53BP1;TRA2B;PAK4;NOC2L;PDLIM4;NUP188;RBM26;NCAPD3;PKP4;PNISR;RBM25;PPIG;NCOA5;MLF2;GPATCH8;LEMD3;LUC7L3;LBR;MCRS1;DDX50;CPSF6;CACNA1A;CAMSAP2;ACIN1;DOCK7;DROSHA;CCNL1;CCNL2;CEP170;ARL6IP4;CHEK2;CHERP;CLASRP;DVL2;CKAP4;
RxxSRxR,Nucleocapsid,78,1.90E-06,TRA2A;ZC3HAV1;ZFC3H1;U2AF2;LUC7L2;CLK3;SRRM1;SNRNP70;SREK1;PNN;NKAP;LUC7L;FXR2;BCLAF1;DHX8;SRSF1;U2AF1;SUPT16H;SP100;THRAP3;ZNF638;NOP2;PHRF1;PRPF40A;NKTR;MAPK13;GIGYF2;AUTS2;CPSF7;SON;UBAP2L;SRSF10;SRSF3;SRSF4;SRSF6;SRSF7;SRSF8;SRSF9;ZCCHC17;SCAF8;RSRC1;RSRC2;TOPORS;TRA2B;RIF1;PCF11;PER1;PALLD;RBM12B;RBM26;PNISR;NCBP3;RBM25;PPIG;MLF2;KDM5C;GPATCH8;LUZP4;LUC7L3;MRPS18B;HNRNPK;LBR;FXR1;MATN2;MTCL1;DCAF6;CPSF6;BRF1;ACIN1;DROSHA;CCNL1;CCNL2;ANKRD11;ATAD2;ARL6IP4;CHERP;DNMT1;CLASRP;
SRSxSxS,Nucleocapsid,55,2.20E-06,TRA2A;ZFC3H1;LUC7L2;SRRM1;RNPS1;SREK1;PNN;NKAP;LUC7L;BCLAF1;DHX8;SRSF1;THRAP3;ZNF638;PHRF1;PRPF40A;NKTR;CLK2;SON;SRSF10;SRSF3;SRSF4;SRSF6;SRSF7;SRSF8;SRSF9;SCAF8;SHANK3;SIMC1;RSRC1;RSRC2;TMEM184B;TOPORS;TRA2B;RBM26;PNISR;POM121;NADK;RPS6KA2;MAP4K4;GPATCH8;LBR;MAP4;IRS4;C16orf87;ACIN1;DOCK7;CCNL1;CCNL2;AHCYL1;CENPJ;ARL6IP4;CHERP;CLASRP;ANAPC1;
KKxKK,Nucleocapsid,138,2.50E-06,LARP7;RRP1B;CHD3;TRIM25;NOP56;CHD4;PINX1;NIFK;SRPK2;SRRM1;PUM3;NCL;RPL6;USP10;SREK1;ZCRB1;PES1;NKAP;RPL5;PA2G4;RPL30;NOLC1;NOP58;GPATCH4;MECP2;IK;DKC1;DDX24;EIF2S2;YAF2;SART3;SURF6;TAF1D;THRAP3;TNRC6B;RYBP;TOP1;TOP2B;SRPK1;MYO18A;NSA2;RPS27L;RPL17;PRPF40A;PSMD2;NKAPD1;NKTR;KNOP1;GIGYF2;MPHOSPH8;GNL2;EIF3J;MAP3K14;ILF3;EIF4B;HSP90AA1;EEF1B2;BARD1;DEK;SON;SPATS2;SREK1IP1;WBP11;SRSF4;ZCCHC17;SSRP1;TTLL7;SMARCA4;SDAD1;UPF3B;RRP8;ZMYND8;TAF1;TTC3;TCOF1;VSX2;WBP4;TNRC6A;TOPORS;ZCCHC10;ZFR;ZNF106;ZNHIT1;PARP1;NMT2;RABL6;RPF1;PHF20;PKP4;RPL4;PNISR;POLA1;RBM25;NOP14;PPIG;REXO4;PPP1R10;NSD1;NSD2;RNF10;N4BP2;PSMC1;RPS27A;PARN;KLHDC4;KIF1B;GPATCH8;MBD1;KIF13B;LEMD3;EPS8;HMGB2;FANCI;LRRC42;FBXO5;LYAR;EPS8L2;FERMT3;INO80B;MED19;GEMIN5;HSP90AB1;DACT1;DDX21;ABL1;AIMP1;ATF4;DNAJC8;CCDC59;EFCAB14;ANKRD11;CPNE8;ADD1;AGGF1;CEP164;DDX54;ARL6IP4;DNAJC9;
SRSxxxxR,Nucleocapsid,84,4.10E-06,TRA2A;ZC3H3;CHD4;TERF2;U2AF2;LUC7L2;CLK3;SRRM1;RNPS1;SNRNP70;SREK1;PNN;NKAP;MAST3;LUC7L;BCLAF1;DHX8;SRSF1;U2AF1;SUPT16H;SP100;SYNM;THRAP3;ZNF638;PHRF1;RBM8A;NKTR;HNRNPDL;MAGI1;DLST;CLK2;CPSF7;SON;SRSF10;SRSF3;SRSF4;SRSF6;SRSF7;SRSF8;SRSF9;TTLL7;SCAF8;SYNPO;RSRC1;TATDN2;RSRC2;USP2;TOPORS;TRA2B;RBM26;NACAD;PNISR;PTPN18;POM121;PPHLN1;RBM25;PPIG;NSD1;NCOA5;PRR14L;RPRD2;MAP4K4;ESPL1;GPATCH8;GTPBP4;LUC7L3;KDM4C;LBR;ITCH;DDX50;CPSF6;DLGAP4;CACNA1A;ACIN1;CCNL1;CCNL2;CEP170;ARL6IP4;CHERP;CLASP2;CLASRP;DVL2;CLK4;CIT;
SRxRxxxR,Nucleocapsid,74,4.60E-06,MEPCE;TRA2A;CHD4;U2AF2;LUC7L2;CLK3;SRRM1;RNPS1;SNRNP70;SFPQ;SREK1;PNN;NKAP;LUC7L;BCLAF1;EIF3A;DDX3X;DHX8;SRRT;SRSF1;U2AF1;THRAP3;ZNF638;NEK4;NKTR;GIGYF2;DLST;AUTS2;BTF3;CPSF7;CBX8;SON;SRSF10;SRSF3;SRSF4;SRSF6;SRSF7;SRSF8;SRSF9;SCAF8;RSRC1;TSPYL2;RSRC2;YTHDC1;TOPORS;ZMYM4;TRA2B;PER1;PHC2;RBM26;RNF126;PNISR;RBM25;PPIG;OSBP2;GIGYF1;ESPL1;GPATCH8;LUC7L3;LBR;FXR1;MATN2;CPSF6;ACIN1;DROSHA;CCNL1;CCNL2;ATAD2;DDX3Y;ARL6IP4;CHERP;DHX38;CLASRP;CIT;
SxSxSRS,Nucleocapsid,43,5.30E-06,TRA2A;U2AF2;LUC7L2;SRRM1;RNPS1;SREK1;PNN;NKAP;BCLAF1;DHX8;SRSF1;THRAP3;ZNF638;NEK4;PHRF1;NKTR;AUTS2;SORBS1;SRCIN1;SRSF10;SRSF3;SRSF4;SRSF6;SRSF7;SRSF8;SMARCA4;SCAF8;RSRC1;RSRC2;TOPORS;TRA2B;RBM26;PIAS2;GPATCH8;LBR;ITSN1;JADE3;ACIN1;CCNL1;CCNL2;ARL6IP4;CHERP;CLASRP;
RxxSRS,Nucleocapsid,86,5.50E-06,TRA2A;TERF2;ZFC3H1;U2AF2;LUC7L2;CLK3;SRRM1;RNPS1;SNRNP70;SREK1;NKAP;MAST3;LUC7L;BCLAF1;DHX8;YAF2;SRSF1;U2AF1;THRAP3;ZNF638;PHRF1;RBM8A;PRPF40A;NKTR;HLX;LIMA1;DLST;CLK2;CPSF7;CASC3;SON;UTP14A;SRSF10;SRSF3;SRSF4;SRSF6;SRSF7;SRSF8;SCAF8;SYNPO;RSRC1;TATDN2;RSRC2;SNIP1;YTHDC1;TOPORS;ZNF106;TRA2B;PCF11;PALLD;RBM12B;RBM26;PNISR;RBM12;PPIG;REPS2;NCOR2;NADK;RPS6KA2;MAP4K4;GPATCH8;LUC7L3;KDM4C;LBR;IRS4;MTCL1;DDX50;CPSF6;BCR;BID;C16orf87;ACIN1;CCNL1;CCNL2;ANKRD11;ARHGEF11;AHCYL1;CGN;ARL6IP4;CHERP;DHX38;CHRNA4;CIRBP;CLASP2;CLASRP;CLK4;
KKxKKK,Nucleocapsid,55,5.60E-06,LARP7;CHD4;PINX1;SRPK2;SRRM1;ZCRB1;NKAP;PA2G4;NOLC1;NOP58;GPATCH4;IK;DKC1;EIF2S2;SRPK1;RPS27L;PRPF40A;KNOP1;MPHOSPH8;MAP3K14;HSP90AA1;BARD1;SON;SPATS2;SREK1IP1;ZCCHC17;SMARCA4;SDAD1;RRP8;TTC3;TCOF1;WBP4;TOPORS;ZCCHC10;NMT2;RABL6;PHF20;PKP4;PPIG;REXO4;NSD1;NSD2;RPS27A;HMGB2;EPS8L2;FERMT3;INO80B;MED19;DDX21;CCDC59;CPNE8;ADD1;AGGF1;CEP164;ARL6IP4;
SxxSSRxR,Nucleocapsid,19,7.60E-06,LUC7L2;SRRM1;SREK1;MAST3;BCLAF1;PHRF1;NKTR;CPSF7;SRSF6;TATDN2;TSPYL2;TCF12;TOPORS;POLA1;AHCTF1;ACIN1;CCNL2;CCNT2;CLASRP;
SxSRxR,Nucleocapsid,85,8.70E-06,MEPCE;TRA2A;ZC3HAV1;U2AF2;LUC7L2;CLK3;SRRM1;RNPS1;SNRNP70;SREK1;PNN;NKAP;MAST3;LUC7L;FXR2;BCLAF1;EDC4;DDX3X;DHX8;SRSF1;U2AF1;SUPT16H;SYNM;THRAP3;ZNF638;NEK4;PHRF1;PRKRA;NKAPD1;NKTR;GIGYF2;EIF4G1;MAGI1;AUTS2;CPSF7;CASC3;CBX8;SON;SRCIN1;SRSF10;SRSF3;SRSF4;SRSF6;SRSF7;SRSF8;SRSF9;SCAF8;SYBU;RSRC1;RSRC2;TNRC6A;TOPORS;TRA2B;ZNF687;PCGF2;PUM1;NUP188;PHC2;RBM12B;RBM26;RBM5;NCAPD3;PNISR;PPIG;NEFH;GPATCH8;LEMD3;LUC7L3;LBR;FXR1;MATN2;MEF2D;DDX50;CPSF6;ACIN1;CCDC86;CCNL1;CCNL2;CCNT2;CEP170;DDX3Y;ARL6IP4;CHEK2;CHERP;CLASRP;
KKxKxK,Nucleocapsid,131,8.60E-06,IFI16;LARP7;RIOK1;PYHIN1;NOP56;CHD4;PINX1;SRPK2;SRRM1;CDC5L;ZCRB1;NKAP;PA2G4;POP1;NOLC1;NOP58;GPATCH4;GRK2;IK;DKC1;DDX24;EIF2S2;SURF6;RSL1D1;SIPA1L1;SP100;WDR36;RYBP;TOP1;TRIM56;SRPK1;ZNF638;NOL12;MYO18A;RPS27L;RBM34;NAP1L1;RPL7A;PHRF1;RBM10;POLE3;RNF168;PRPF40A;PSMD2;NKAPD1;NKTR;KNOP1;HMGB3;GIGYF2;MPHOSPH8;HSPA4;MAP3K14;FTSJ3;HSP90AA1;BARD1;COIL;DDX10;DHX9;SON;SPATS2;SREK1IP1;SRP14;ZCCHC17;SSRP1;SMARCA4;SDAD1;SUB1;SUGP2;RRP8;TTC3;TCOF1;WBP4;TOPORS;ZCCHC10;TMA16;PARP1;NMT2;RABL6;PHF14;PHF20;RBM5;PIP5K1C;PKP4;RBM25;NOP14;PPIG;REXO4;NSD1;NSD2;RNF10;PSD3;PSMC1;PSMD1;RPS27A;FNBP4;GOLGA4;GOPC;GPALPP1;GPATCH8;GTF2E2;GTF3C1;HDAC6;EPS8;HMGB2;FANCI;MRPS5;IBTK;LUZP1;LYAR;EPS8L2;FERMT3;ING5;INO80B;MEAF6;MED19;HSP90AB1;HSP90B1;DDX50;DDX21;AIMP1;C1orf131;C8orf33;CCDC59;ANKRD11;CPNE8;ADD1;AGGF1;CEP164;CFAP97;ARL6IP4;ANKHD1;
KxKKxK,Nucleocapsid,129,1.00E-05,LARP7;CHD3;RIOK1;NOP56;MNDA;CHD4;PINX1;SRPK2;SRRM1;RPL6;SREK1;ZCRB1;NKAP;PA2G4;NOP58;GPATCH4;MECP2;DKC1;EED;DDX24;EIF2S2;YAF2;SP100;SIRT1;RYBP;TOP1;TRIM56;SRPK1;ZNF638;MYO18A;RPL7A;PHRF1;RBM10;RBM8A;RCC1;RPL17;PRPF40A;PSMD2;NKAPD1;NKTR;KNOP1;GIGYF2;MPHOSPH8;GNL2;EIF3J;FTSJ3;IQGAP1;EIF4B;HSP90AA1;DHX9;CDC40;SON;UTP14A;SPATS2;SREK1IP1;SRGAP2;SRP14;SARNP;ZCCHC17;SSRP1;SMARCA4;SDAD1;SUGP2;TAF1;TTC3;TCERG1;TCOF1;WBP4;TNKS1BP1;XPC;TOPORS;ZCCHC10;PARP1;NMT2;RABL6;RPS25;PHF14;PHF20;RBM5;RNF216;PKP4;PNISR;NCBP3;PYM1;RASA1;RBM25;NOP14;PPIG;NRP1;REXO4;PPP1R10;NSD1;NSD2;RNF10;PPP2R5D;RPF2;N4BP2;PSMC1;PARN;FNBP4;KLHDC4;KIF1B;GPATCH8;GTF2E2;EPS8;MRPS5;LYAR;FERMT3;ING5;INO80B;MED19;GEMIN5;HSP90AB1;DDX50;DDX21;DNAJC8;C1orf131;ABCC5;CBX1;DDX47;AQR;ANKRD11;CPNE8;AGGF1;CDYL2;CEP164;ARL6IP4;AP2A2;ANKHD1;
RxxxRSR,Nucleocapsid,79,1.10E-05,TRA2A;ZFC3H1;U2AF2;LUC7L2;CLK3;SRRM1;RNPS1;SNRNP70;SFPQ;SREK1;NKAP;NFKB2;MAST3;LUC7L;BCLAF1;DHX8;SRSF1;SGTA;U2AF1;THRAP3;ZNF638;MYO18A;NEXN;RASSF10;PHRF1;PRPF40A;NKTR;IFRD2;FTSJ3;CLK2;AUTS2;DDX5;CPSF7;SON;SRSF10;SRSF3;SRSF4;SRSF6;SRSF7;SRSF8;SCAF8;RSRC1;RSRC2;YBX3;TOPORS;TRA2B;ZNF512;PCF11;PDLIM4;PALLD;RBM26;PNISR;RBM25;PPIG;NTHL1;GIGYF1;GPATCH8;LUC7L3;LBR;FBRSL1;LIN9;LNX1;LSM14B;FLAD1;MTCL1;DCAF6;BCL7B;BCL7C;CPSF6;EDC3;C18orf25;ACIN1;DROSHA;CCNL1;CCNL2;ATAD2;ARL6IP4;CHERP;CLASRP;
SxSRxRxS,Nucleocapsid,25,1.50E-05,PNN;NKAP;BCLAF1;U2AF1;PHRF1;NKTR;MAGI1;AUTS2;CPSF7;SON;SRCIN1;SRSF4;SRSF6;SRSF7;SRSF8;SRSF9;RSRC1;TOPORS;TRA2B;RBM5;LUC7L3;LBR;ARL6IP4;CHERP;CLASRP;
RSRxxS,Nucleocapsid,97,1.50E-05,LARP7;TRA2A;SNW1;ZFC3H1;LUC7L2;CLK3;SRPK2;SRRM1;RNPS1;SNRNP70;SREK1;PNN;PABPN1;NKAP;MAST3;LUC7L;BCLAF1;DHX8;SRSF1;SGTA;U2AF1;THRAP3;ZNF638;MYO18A;PHRF1;PRPF40A;NDRG1;NKTR;LIMA1;MAP3K14;IRS1;EIF4B;DLST;CLK2;ARHGAP39;CPSF7;SON;SPATS2;SPECC1L;SRSF10;SRSF3;SRSF4;SRSF6;SRSF7;SRSF8;SRSF9;SCAF8;SHANK3;SLX4;RSRC1;TBX3;RSRC2;VCPIP1;ZBTB11;TOPORS;TRA2B;PCF11;PDS5A;NIPSNAP2;RBM26;PITPNM1;PNISR;NCBP3;POM121;RBM12;RBM25;PPIG;REPS2;PPP1R9A;OSBP2;GOLGA4;GPATCH8;GREB1L;ELF1;LUC7L3;KDM6B;LBR;FBRSL1;LIN9;MATN2;GGA3;CPSF6;DLGAP4;C16orf87;C18orf25;CARHSP1;ACIN1;DOCK7;CCNL1;CCNL2;CENPO;ARL6IP4;CHERP;DHX38;DMTN;CLASRP;CLK4;
RxxSxSR,Nucleocapsid,81,1.60E-05,TRA2A;ZC3HAV1;ZFC3H1;U2AF2;LUC7L2;CLK3;SRRM1;SNRNP70;SREK1;NKAP;MAST3;LUC7L;FXR2;BCLAF1;DHX8;SRSF1;U2AF1;TERT;THRAP3;TRIM56;ZNF638;NOP2;PHRF1;RBM3;PRPF40A;NKTR;GIGYF2;MAGI1;ARHGAP39;AUTS2;CPSF7;SON;SPECC1L;SRSF10;SRSF3;SRSF4;SRSF6;SRSF7;SRSF8;SRSF9;TTLL7;SMTN;SCAF8;RSRC1;TSC1;RSRC2;TOPORS;TRA2B;ZNF2;PCF11;PALLD;RBM26;PNISR;NCBP3;PTPN21;PPIG;RFWD3;PPP2R5D;NEFM;GPATCH8;GTPBP4;LUC7L3;LBR;FBRSL1;FXR1;MATN2;MTCL1;CPSF6;EEF2K;ACIN1;CCNL1;CCNL2;CDC42SE1;ACSS2;CWC22;DCTN1;ARL6IP4;CHERP;CLASP2;CLASRP;CIT;
SRxxxRxR,Nucleocapsid,77,1.60E-05,MEPCE;TRA2A;TERF2;U2AF2;LUC7L2;CLK3;SRRM1;RNPS1;SNRNP70;SFPQ;SREK1;PNN;NKAP;LUC7L;FXR2;BCLAF1;EIF3A;DHX8;SRSF1;U2AF1;SUPT16H;TTC14;THRAP3;ZNF638;PHRF1;RBM8A;NKTR;GIGYF2;FGF2;CLK2;BTF3;CPSF7;SON;SRSF10;SRSF3;SRSF4;SRSF6;SRSF7;SRSF8;SRSF9;RRP8;SCAF8;TRIM41;RSRC1;TSPYL2;RSRC2;YBX3;YTHDC1;TOPORS;ZMYM4;TRA2B;ZNF512;PAK4;RBM26;PNISR;RBM25;PPIG;NCOA5;GPATCH2L;ESPL1;GPATCH8;GTPBP4;LUC7L3;LBR;FMR1;DDX50;CPSF6;BCR;ACIN1;DROSHA;CCNL1;CCNL2;ARL6IP4;CHERP;DHX38;CLASRP;DVL2;
SSRSxxRS,Nucleocapsid,14,1.80E-05,LUC7L2;PNN;NKAP;BCLAF1;THRAP3;NKTR;SRSF6;SRSF7;GPATCH8;ACIN1;CCNL1;CCNL2;CHERP;CLASRP;
SxRSRxxS,Nucleocapsid,25,1.80E-05,SNW1;LUC7L2;RNPS1;SREK1;PABPN1;NKAP;BCLAF1;THRAP3;MYO18A;NKTR;SON;SPATS2;SRSF6;SHANK3;TOPORS;TRA2B;NIPSNAP2;GPATCH8;LIN9;C18orf25;ACIN1;CCNL1;CCNL2;CHERP;CLK4;
KxxKKK,Nucleocapsid,127,2.30E-05,LARP7;CHD3;NOP56;CHD4;PINX1;SRPK2;SRRM1;EIF3C;ZCRB1;NKAP;RPL5;PA2G4;NOLC1;NOP58;GPATCH4;IK;DKC1;DDX24;EIF2S2;SART3;RSL1D1;SP100;TAF1D;TTC14;TNRC6B;TOP2B;SRPK1;ZNF638;RPS27L;RPS3A;PRPF40A;NKAPD1;KNOP1;HMGB3;MPHOSPH8;EIF3J;MAP3K14;FTSJ3;HSP90AA1;CREBBP;DDX5;BARD1;COIL;DEK;DHX9;EIF2A;SON;UTP14A;SPATS2;UBAP2L;SPOUT1;SREK1IP1;UPF2;WBP11;ZCCHC17;SSRP1;TTLL7;SMARCA1;SMARCA4;SDAD1;RRP8;SYT12;TAPBP;SLX4;TTC3;TCOF1;UNC119B;USPL1;WBP4;TNKS1BP1;TNRC6A;ZBTB11;TOPORS;ZCCHC10;ZCCHC7;ZNF106;NMT2;RABL6;PDS5B;RPS25;PHACTR3;PHF20;PKP4;PNISR;PNRC1;PYM1;PPIG;REXO4;PPP1R10;NSD1;NSD2;RPF2;NFATC2IP;PSMC1;RPS27A;KLHDC4;KIF1B;HDGFL2;HMGB2;KLHL7;MRPS5;LSM14B;LYAR;EPS8L2;FERMT3;INO80B;MED19;GEMIN5;EP300;HSP90AB1;DNTTIP2;DDX21;CPSF1;CBX1;CCDC59;CCDC86;CPNE8;ADD1;AGGF1;ABCF2;CDX1;CEP164;ARL6IP4;DOT1L;CLIP1;AP2A2;ANKHD1;
KxKKK,Nucleocapsid,126,2.30E-05,LARP7;RRP1B;CHD3;NOP56;CHD4;PINX1;NIFK;SRPK2;SRRM1;PUM3;EIF3C;USP10;ZCRB1;PES1;NKAP;PA2G4;POP1;NOLC1;NOP58;GPATCH4;IK;DKC1;DDX24;AIM2;EIF2S2;SART3;SP100;TAF1D;SRPK1;RPS27L;RBM34;PRPF40A;NKAPD1;NKTR;KNOP1;GIGYF2;MPHOSPH8;EIF3J;MAP3K14;FTSJ3;ILF3;HSP90AA1;BARD1;DHX9;SON;UTP14A;SPATS2;SREK1IP1;SRSF4;ZCCHC17;SSRP1;TTLL7;SMARCA4;SDAD1;RRP8;ZMYND8;TAF1;RSRC1;TTC3;TCOF1;WBP4;TNKS1BP1;TNRC6A;TOPORS;ZCCHC10;ZCCHC7;ZFR;ZNF106;ZNHIT1;NMT2;RABL6;RPS25;PHF20;RBBP5;PIP4K2A;PIP4K2C;PKNOX1;PKP4;RPS27;NOL8;RBM25;PPIG;REXO4;PPP1R10;NSD1;NSD2;RPF2;NCOR2;PSMC1;PSMD1;RPS27A;KIF1B;GPATCH8;GTF3C1;KIF13B;HMGB2;KDM3B;KIF21A;IBTK;EPS8L2;FERMT3;ING4;ING5;INO80B;MED19;GEMIN5;HSP90AB1;DDX21;ABL1;C1orf131;C8orf33;CBX1;CCDC59;DTX1;CCNL2;ANKRD11;CPNE8;ADD1;AGGF1;CEP164;DDX54;ARL6IP4;AP2A2;EHMT2;ANKHD1;EIF2B3;
KKxxKxK,Nucleocapsid,126,2.40E-05,IFI16;LARP7;CHD3;NOP56;HNRNPU;CHD4;SRPK2;SRRM1;RPL6;ZCRB1;NKAP;RPL5;NOLC1;NOP58;MECP2;IK;DKC1;DDX24;EIF2S2;YAF2;SART3;SIPA1L1;SP100;TAF1D;TNRC6B;WDR36;RYBP;TOP1;TOP2B;SRPK1;MYO18A;RPS27L;RBM34;RPS3A;POLE3;RPL17;PRPF40A;PSMD2;NKAPD1;NKTR;KNOP1;LARP1;GIGYF2;MED12;GNL2;FTSJ3;EIF4B;HSP90AA1;COPS7A;CREBBP;CDC40;SON;SPATS2;SPATS2L;SPOUT1;SREK1IP1;SRGAP2;SRSF10;ZCCHC17;SSRP1;SMARCA4;SDAD1;TAF1;TTC3;TCOF1;TNRC6A;YTHDC1;TOPORS;ZCCHC10;ZMYM2;ZNF106;RPL21;PARP1;NMT2;RFC1;RABL6;PDS5B;RPF1;RPS25;PHACTR3;PHF14;PHF20;PKP4;PALB2;PNISR;PNRC1;PPIG;REXO4;PPP1R10;RNF10;NEFM;N4BP2;PSMC1;PSMD1;PARN;FNBP4;KLHDC4;LIG1;GPATCH8;ELF1;HDAC6;MAGED2;EPS8;FAM111B;FAM50A;KIF11;KRI1;FERMT3;INO80B;MED19;EP300;HSP90AB1;DNTTIP2;DDX21;DLGAP4;COPS7B;AHCTF1;CBX1;CCDC134;ANKRD11;CPNE8;ABCF2;CEP164;ARL6IP4;ARMH3;CHORDC1;
SxSSSxS,Nucleocapsid,114,2.70E-05,ZC3H3;RPTOR;ZFC3H1;SUZ12;LUC7L2;SRRM1;RNPS1;JMJD6;SREK1;PNN;NOLC1;MAST3;BCLAF1;CUL4B;EDC4;SIPA1L1;XRN1;TAF1D;TTC14;THRAP3;UBAP2;ZC3H14;NEK4;NUFIP2;NUP214;PHRF1;NKTR;LARP1;EMSY;MEX3A;EMD;IRS1;AUTS2;BAG3;CTDP1;CBX2;ZDHHC7;WDR26;SRSF8;TTLL7;SMG8;SUB1;SMG9;SH3PXD2A;WWC1;SYBU;SIMC1;ZNF592;TANC1;RSRC1;TCOF1;UBE2E1;ULK1;ZNF655;TNFRSF21;XPC;TNRC6A;TOB1;ZBTB11;ZCCHC10;TPGS2;ZNF512;RBMS1;PDPK1;PDZK1;PHC2;PHF20;RAPGEF6;PIAS2;RNF126;NCBP3;NUP153;NR1D2;POM121;PPIG;NSD1;NSD2;RNF10;RNF111;PACS1;RPS6KA2;MAP4K4;GPATCH2;GPATCH8;GPR161;GTF2E2;MED4;HDGFL2;MAX;FAM104A;HMGA1;KDM6B;KIF3B;KRI1;LBR;MEX3B;KANK1;ACIN1;E2F4;CCNL2;CCNT2;ARHGEF11;ARID1A;CWC22;CELF1;CENPJ;CEP170;DDR1;ATAD2;CFAP97;ARL6IP4;CLASRP;ANKHD1;CKAP4;
SSRSxSRS,Nucleocapsid,11,3.50E-05,LUC7L2;BCLAF1;THRAP3;NKTR;SRSF6;SRSF7;ACIN1;CCNL1;CCNL2;CHERP;CLASRP;
SSxSxSRS,Nucleocapsid,17,3.70E-05,LUC7L2;SRRM1;PNN;BCLAF1;THRAP3;NKTR;SRSF4;SRSF6;SRSF7;SRSF8;TOPORS;GPATCH8;ACIN1;CCNL1;CCNL2;CHERP;CLASRP;
SSRSxSxS,Nucleocapsid,17,3.60E-05,LUC7L2;SRRM1;RNPS1;PNN;BCLAF1;THRAP3;PHRF1;NKTR;SON;SRSF6;SRSF7;SRSF8;ACIN1;CCNL1;CCNL2;CHERP;CLASRP;
KxKKKK,Nucleocapsid,54,3.70E-05,LARP7;CHD3;NOP56;CHD4;PINX1;SRPK2;SRRM1;ZCRB1;NKAP;PA2G4;NOP58;GPATCH4;DKC1;DDX24;EIF2S2;SP100;SRPK1;KNOP1;MPHOSPH8;EIF3J;FTSJ3;HSP90AA1;DHX9;SON;UTP14A;SPATS2;ZCCHC17;SSRP1;SMARCA4;SDAD1;TTC3;TCOF1;TNKS1BP1;TOPORS;ZCCHC10;NMT2;RABL6;RPS25;PHF20;PKP4;REXO4;PPP1R10;RPF2;PSMC1;KIF1B;FERMT3;MED19;GEMIN5;HSP90AB1;CBX1;CPNE8;CEP164;AP2A2;ANKHD1;
RxSSRxR,Nucleocapsid,18,4.00E-05,LUC7L2;SNRNP70;SREK1;BCLAF1;THRAP3;NOP2;PHRF1;NKTR;GIGYF2;AUTS2;SON;SRSF6;RSRC2;TOPORS;RIF1;ACIN1;CCNL2;CLASRP;
PxKxxKxK,Nucleocapsid,60,4.20E-05,CHD3;PYHIN1;NOP56;CHD4;ZCRB1;RPL5;NOLC1;NOP58;GPATCH4;MECP2;DKC1;EDC4;DDX24;DHX8;RSL1D1;SP100;SIRT1;RYBP;TRIM56;RBM34;RBM10;KNOP1;HMGB3;IQGAP1;DHX9;SRGAP2;WBP11;SRSF10;SDAD1;TATDN2;TCERG1;TCOF1;SIRT6;USPL1;ZCCHC10;TPGS2;RFC1;RABL6;RPS25;PHACTR3;PHF20;RBM5;PIK3R2;RPL22L1;PNISR;PNRC1;RBM25;PPP2R5D;PRRC2A;PSD3;LIG1;GTF3C1;MAP4;FERMT3;MED19;DDX21;DLGAP4;ANKRD11;CEP78;DOT1L;
SxxRSKxR,Nucleocapsid,14,4.40E-05,TRA2A;LUC7L2;SRRM1;SREK1;NKAP;PHRF1;NKTR;SON;SRSF10;SRSF4;SRSF6;GPATCH8;ACIN1;CHERP;
KKxKxKK,Nucleocapsid,46,4.80E-05,LARP7;CHD4;SRPK2;SRRM1;ZCRB1;NKAP;NOP58;DKC1;DDX24;EIF2S2;TOP1;SRPK1;RBM34;RPL7A;POLE3;PSMD2;NKAPD1;NKTR;KNOP1;SON;SPATS2;SREK1IP1;SRP14;ZCCHC17;SMARCA4;SDAD1;SUB1;TCOF1;TOPORS;NMT2;RABL6;PHF20;PKP4;RBM25;REXO4;GPATCH8;GTF3C1;HDAC6;FERMT3;MED19;HSP90AB1;HSP90B1;C8orf33;CPNE8;CEP164;ARL6IP4;
SxSxSxS,Nucleocapsid,248,6.50E-05,TARDBP;TRA2A;ZC3H3;PLEKHA7;RPTOR;ZFC3H1;U2AF2;SUZ12;LUC7L2;SRRM1;RNPS1;RPS6;JMJD6;MDM2;ATXN2;EIF3C;SREK1;PNN;NKAP;NFKB2;NOLC1;MAST3;LUC7L;BCLAF1;CUL4B;EDC4;CRY1;DDX3X;DHX8;YAF2;SRRT;SRSF1;VSX1;RSL1D1;SIPA1L1;XRN1;TAF1D;TTC14;THRAP3;UBAP2;ZC3H14;RYBP;ZNF638;NEK4;NUFIP2;NUP214;PHRF1;PIAS1;MTOR;PRPF40A;NKTR;LARP1;HIRIP3;EMSY;EPB41L3;MEX3A;EMD;MAGI1;ILF3;IRS1;EIF4B;CLK2;CREBBP;AUTS2;BAG3;COIL;CAPRIN1;CTDP1;CBX2;CDC40;SON;SORBS1;ZDHHC7;UBAP2L;WDR26;ZC3H7A;SRCIN1;SRPK3;SRSF10;SRSF3;SRSF4;SRSF6;RYK;SRSF7;SRSF8;ZBTB21;SRSF9;ZFYVE26;SSRP1;STBD1;TTLL7;SMARCA4;SMG8;SUB1;SMG9;SMTN;SCAF8;SH3PXD2A;WWC1;SHANK3;SYBU;SNTB2;ZFP36;ZNF207;TAF1;SIMC1;ZNF592;TANC1;RSRC1;TBX3;TCERG1;TCOF1;RSRC2;UBE2E1;ULK1;ZNF655;TMEM184B;WBP4;TNFRSF21;XPC;TNRC6A;TNS3;TOB1;YTHDC1;TOB2;ZBTB11;TOPORS;ZCCHC10;TPGS2;TRA2B;ZNF512;TRIM28;PCF11;NPAS2;NMT2;NOC2L;OSBPL8;RBMS1;PDPK1;PDZK1;PER1;PALLD;PUM1;PHC2;PHF11;RAF1;RANBP9;PHF20;RAPGEF6;RBM26;PIAS2;RNF126;NACAD;PLEKHF2;PNISR;NCBP3;NUP153;POLA1;NR1D2;NOL8;POLR2A;RANBP3;POM121;PPIG;MYC;RFWD3;PPP1R13B;NEFH;NSD1;NSD2;RNF10;RNF111;RNF214;ROR2;NES;NCOA5;PRKAA2;OSBP2;RPRD2;PACS1;NADK;RPS6KA2;GIGYF1;FNBP4;FUS;MAP4K4;GPATCH2;KIF1B;GPATCH8;GPR161;GSK3B;GTF2E2;MED4;HDGFL2;MAEL;MAGED2;MAX;F2RL1;FAM104A;HMGA1;KDM3B;KDM6B;KIF3B;KRI1;LBR;FBXO5;MAP4;IRS4;MEX3B;ITSN1;JADE3;KANK1;DACT1;EBNA1BP2;EDC3;C16orf87;CACNA1A;ACIN1;DENND5A;DOCK7;E2F4;EFCAB14;CCNL1;CCNL2;ANKRD11;CCNT2;ARHGEF11;CREBZF;ARID1A;CWC22;AHCYL1;CELF1;CENPJ;CEP164;CEP170;DDR1;CEP95;ATAD2;CFAP97;CHCHD3;ARL6IP4;CHERP;CLASRP;DVL2;DYRK1A;ANAPC1;ANKHD1;CKAP4;
SxxRSRxS,Nucleocapsid,23,7.40E-05,ZFC3H1;LUC7L2;RNPS1;PNN;GPATCH4;BCLAF1;SRSF1;THRAP3;ZNF638;NKTR;CPSF7;SRCIN1;SRSF4;SRSF6;SRSF8;TOPORS;TRA2B;GPATCH8;LUC7L3;AOC2;CHERP;CLASRP;CLK4;
SxxRxSSR,Nucleocapsid,17,7.40E-05,JMJD6;EIF3A;VSX1;TTC14;PHRF1;NKTR;CPSF7;SRSF6;TOPORS;TRA2B;GOLGA4;LUC7L3;MSH6;CCNL2;ANKRD11;CHERP;CLASRP;
SRxRxxS,Nucleocapsid,85,7.40E-05,TRA2A;ZFC3H1;LUC7L2;CLK3;SRRM1;LMNA;MDM2;SFPQ;SREK1;PNN;PABPN1;NKAP;LUC7L;BCLAF1;DDX3X;DHX8;SRSF1;U2AF1;SUPT16H;SP100;THRAP3;ZNF638;PHRF1;MTOR;PRPF40A;NKTR;KIF23;MAP3K14;DLST;CPSF7;SON;VPS11;SRSF10;SRSF3;SRSF4;SRSF6;SRSF7;SRSF8;SRSF9;SCAF8;SLX4;RSRC1;TATDN2;TCF12;TCOF1;RSRC2;USP43;TOPORS;TRA2B;ZNF219;ZNF687;RIF1;PER1;PHACTR3;RBM26;PNISR;RBM25;PPIG;NEDD4L;NSD1;MEX3C;GPATCH8;LUZP4;ELF1;LUC7L3;LBR;MATN2;MTCL1;CPSF6;DLGAP4;CARHSP1;DDX17;ACIN1;CCDC9;CCNL1;CCNL2;CENPO;CEP170;DDX3Y;ARL6IP4;CHERP;DMTN;CLASRP;CLOCK;AMPD2;
SSRxRxxS,Nucleocapsid,21,7.80E-05,ZFC3H1;LUC7L2;MDM2;PABPN1;BCLAF1;DDX3X;THRAP3;NKTR;CPSF7;SON;SRSF6;TATDN2;TCF12;RSRC2;NEDD4L;ACIN1;CCDC9;CCNL1;CCNL2;CHERP;CLASRP;
SxSSSxSR,Nucleocapsid,19,7.90E-05,LUC7L2;SRRM1;RNPS1;BCLAF1;UBAP2;PHRF1;NKTR;SRSF8;RSRC1;ZNF655;PHC2;RPS6KA2;GPATCH8;GPR161;LBR;ACIN1;CCNL2;CCNT2;CLASRP;
SSxSSxxS,Nucleocapsid,110,8.20E-05,HNRNPA1;ZC3H3;RPTOR;ZFC3H1;SRRM1;RNPS1;LMNA;JMJD6;PNN;NOLC1;MAST3;GRK5;CUL4B;EDC4;SIPA1L1;XRN1;TTC14;THRAP3;UBAP2;SKI;NEK4;NUFIP2;NUP214;RASSF10;NKTR;HIRIP3;EMSY;HLX;MEX3A;EMD;BAG3;COIL;CBX2;WDR26;SREK1IP1;SRPK3;TTLL7;SH3PXD2A;WWC1;SH3RF2;SYBU;TANC1;SLX4;RSRC1;TSC1;TCOF1;UBE2E1;ULK1;TNFRSF21;TOB1;TP53BP1;ZCCHC10;ZFR;NPAS2;PDPK1;PER1;PUM1;RAF1;RAPGEF6;PHLDB2;RNF126;PITPNM1;PNISR;NCBP3;PUM2;NUP153;NR1D2;PPIG;OAZ1;NSD1;RNF10;RNF111;RPS6KA5;RPAP2;OSBP2;PACS1;NCKIPSD;FUS;GPATCH8;GTF2E2;MED4;HDGFL2;EPS15L1;HIPK1;FAM104A;KDM6B;HPS5;KRI1;MEX3B;ITSN2;JADE3;ABI2;ACIN1;E2F4;ANKRD11;CCNT2;CWC22;CELF1;CFAP97;ARL6IP4;CHEK2;ATF6B;CIC;DOCK3;CLASP2;CLASRP;ARNTL;CLIP1;CLOCK;CKAP4;
RSxSR,Nucleocapsid,79,9.90E-05,TRA2A;ZC3HAV1;ZFC3H1;U2AF2;LUC7L2;CLK3;SRRM1;JMJD6;EIF3B;SNRNP70;SREK1;PNN;NKAP;FBXW11;LUC7L;BCLAF1;DDX3X;DHX8;SRSF1;U2AF1;SUPT16H;THRAP3;TNF;ZNF638;RACGAP1;PHRF1;RBM3;PRPF40A;NKTR;HLX;GIGYF2;AUTS2;BTRC;CPSF7;SON;UTP14A;SPECC1L;SRSF10;SRSF3;SRSF4;SRSF6;SRSF7;SRSF8;SRSF9;SCAF8;SLX4;RSRC1;TATDN2;RSRC2;TOPORS;TRA2B;PCF11;PALLD;RBM12B;RBM26;PNISR;NCBP3;PTPN21;RBM12;RBM25;PPIG;NFATC2IP;GPATCH8;KIF13B;LUC7L3;LBR;MATN2;MCRS1;DDX50;ABI2;ACIN1;DROSHA;CCNL1;CCNL2;CDC14B;AHCYL1;ARL6IP4;CHERP;CLASRP;
RxSSRSR,Nucleocapsid,9,1.00E-04,LUC7L2;SNRNP70;BCLAF1;THRAP3;NKTR;SON;SRSF6;CCNL2;CLASRP;
SxSSSRxR,Nucleocapsid,11,1.00E-04,LUC7L2;SRRM1;SREK1;MAST3;BCLAF1;PHRF1;CPSF7;ACIN1;CCNL2;CCNT2;CLASRP;
SSRSRxxS,Nucleocapsid,11,1.00E-04,LUC7L2;PABPN1;BCLAF1;THRAP3;NKTR;SON;SRSF6;ACIN1;CCNL1;CCNL2;CHERP;
SSRSR,Nucleocapsid,18,1.00E-04,CHD4;LUC7L2;SRRM1;SNRNP70;PABPN1;BCLAF1;THRAP3;PHRF1;NKTR;SON;SRSF6;TATDN2;GPATCH8;ACIN1;CCNL1;CCNL2;CHERP;CLASRP;
KKxxKKK,Nucleocapsid,43,1.10E-04,LARP7;SRPK2;SRRM1;ZCRB1;NKAP;RPL5;NOP58;DKC1;EIF2S2;SART3;TAF1D;TNRC6B;TOP2B;SRPK1;RPS27L;RPS3A;NKAPD1;KNOP1;SON;SPATS2;SPOUT1;ZCCHC17;SMARCA4;SDAD1;TTC3;TCOF1;TNRC6A;TOPORS;ZNF106;RABL6;PDS5B;PHF20;PKP4;PNRC1;REXO4;FERMT3;INO80B;MED19;DNTTIP2;CBX1;CPNE8;ABCF2;CEP164;
SSxSxSxS,Nucleocapsid,99,1.20E-04,ZC3H3;ZFC3H1;LUC7L2;SRRM1;RNPS1;JMJD6;ATXN2;PNN;NOLC1;BCLAF1;CUL4B;EDC4;DDX3X;VSX1;SIPA1L1;TTC14;THRAP3;NUFIP2;NUP214;PHRF1;NKTR;MEX3A;EMD;MAGI1;IRS1;EIF4B;BAG3;COIL;CTDP1;CBX2;SON;WDR26;SRSF4;SRSF6;SRSF7;SRSF8;TTLL7;SUB1;SMTN;SH3PXD2A;SYBU;ZFP36;ZNF207;TAF1;SIMC1;TANC1;RSRC1;TBX3;TCOF1;UBE2E1;ULK1;WBP4;TOB1;TOB2;ZBTB11;TOPORS;ZCCHC10;TPGS2;OSBPL8;PDPK1;RANBP9;RNF126;NACAD;PNISR;NCBP3;POLR2A;PPIG;RFWD3;NEFH;RNF111;PACS1;GIGYF1;GPATCH8;GPR161;GTF2E2;MED4;HDGFL2;FAM104A;KDM3B;KDM6B;KRI1;MEX3B;ACIN1;E2F4;CCNL1;CCNL2;ANKRD11;CCNT2;CREBZF;ARID1A;CWC22;CELF1;ATAD2;CFAP97;CHCHD3;ARL6IP4;CHERP;CLASRP;CKAP4;
SxSxxSSR,Nucleocapsid,33,1.20E-04,CLK3;SRRM1;RNPS1;PNN;BCLAF1;DDX3X;TTC14;UBAP2;PHRF1;NKTR;CLK2;CPSF7;SRSF6;SRSF8;SSRP1;SMTN;TCF12;TCOF1;TOPORS;TRA2B;RAPGEF6;PNISR;POLA1;PPHLN1;LUC7L3;ACIN1;CCNL2;CCNT2;CEP170;ATF6B;CLASRP;DVL2;CLOCK;
SxxxSSRS,Nucleocapsid,27,1.20E-04,CHD4;CLK3;SRRM1;RNPS1;PNN;BCLAF1;DDX3X;THRAP3;PHRF1;NKTR;SRSF7;SRSF8;VIM;ZNF346;TCF12;SIPA1L2;NPAS2;PNISR;POM121;MAP4;AHCTF1;ACIN1;CCNL1;CFAP97;DDX3Y;CHERP;CLASRP;
SRSR,Nucleocapsid,72,1.20E-04,TRA2A;CHD4;ZFC3H1;U2AF2;LUC7L2;CLK3;SRRM1;SNRNP70;SREK1;PNN;PABPN1;NKAP;LUC7L;BCLAF1;DHX8;SRSF1;U2AF1;THRAP3;ZNF638;PHRF1;PRPF40A;NKTR;EIF4A1;MAP3K14;DLST;CPSF7;SON;SPECC1L;SRCIN1;ZMYM5;SRSF10;SRSF3;SRSF4;SRSF6;SRSF7;SRSF8;SRSF9;SCAF8;SYBU;SLX4;RSRC1;TATDN2;RSRC2;ZNF740;USP43;TNFAIP1;TOPORS;TRA2B;PCF11;PALLD;NUP188;RBM26;RBM5;PNISR;RBM12;RBM25;PPIG;GPATCH8;EXOC2;ELF1;LUC7L3;LBR;MTCL1;CPSF6;ACIN1;CCNL1;CCNL2;CENPO;CGN;ARL6IP4;CHERP;CLASRP;
SxxRSR,Nucleocapsid,69,1.30E-04,SIRT7;TRA2A;CUL7;ZFC3H1;U2AF2;LUC7L2;SRPK2;SRRM1;RNPS1;SREK1;UIMC1;PNN;NKAP;GPATCH4;LUC7L;BCLAF1;DHX8;SRSF1;SGTA;U2AF1;THRAP3;ZNF638;PHRF1;NKTR;CPSF7;SON;SPECC1L;SRCIN1;SRSF10;SRSF3;SRSF4;SRSF6;SRSF7;SRSF8;SCAF8;SLX4;RSRC1;RSRC2;YTHDC1;TOPORS;TRA2B;NIPSNAP2;RBM26;NCAPD3;PNISR;PPIG;NSD2;PRPF3;GPATCH8;LEMD3;LSG1;LUC7L3;KIF18B;LBR;LNX1;BAG4;AOC2;DLGAP4;EDC3;ACIN1;DROSHA;CCNL1;CCNL2;ARL6IP4;CHERP;CIRBP;CLASP2;CLASRP;CLK4;
KKxKxxK,Nucleocapsid,114,1.30E-04,LARP7;CHD3;NOP56;CHD4;U2AF2;PINX1;SRPK2;SRRM1;PUM3;RPL6;ZCRB1;NKAP;PA2G4;NOP58;MECP2;DKC1;DDX24;EIF2S2;YAF2;SIPA1L1;TOMM20;RYBP;TOP1;SRPK1;MYO18A;RBM34;RPL7A;POLE3;RPL17;PRPF40A;PSMD2;NKAPD1;NKTR;KNOP1;GIGYF2;MPHOSPH8;GNL2;FTSJ3;ILF3;IQGAP1;EIF4B;HSP90AA1;ADAR;COIL;EIF2A;SON;SPATS2;SPOUT1;SREK1IP1;SRP14;WBP11;ZCCHC17;SSRP1;ZNF174;SMARCA4;SDAD1;SUB1;ZNF207;TAF1;TTC3;TCOF1;TYK2;USPL1;XPC;TNRC6A;ZBTB11;TOPORS;ZNF106;PARP1;NMT2;RFC1;RABL6;RPS25;PHF20;PKP4;PNISR;PYM1;NOL8;RBM25;PPIG;REXO4;PPP1R9A;RNF10;RPF2;N4BP2;PSMC1;PARN;KLHDC4;GPATCH8;GTF3C1;HDAC1;ELF1;HDAC6;EPS8;FAM50A;LYAR;FERMT3;INO80B;MED19;HSP90AB1;HSP90B1;DDX21;C8orf33;CPSF1;ABCC5;DPPA4;ANKRD11;CPNE8;DCAF1;CEP164;DDX54;ARL6IP4;DNMT1;DYRK1A;
RxRxSSR,Nucleocapsid,18,1.30E-04,LUC7L2;SNRNP70;SREK1;GIGYF2;CPSF7;SON;SRSF6;TWIST1;SCAF8;TOPORS;TRA2B;PTPN21;LUC7L3;IGBP1;CCDC9;CCNL2;CHERP;DHX38;
SxRxxSRS,Nucleocapsid,22,1.50E-04,TRA2A;LUC7L2;NKAP;BCLAF1;THRAP3;NKTR;SON;SRSF6;SRSF7;RSRC1;PCF11;PNISR;NCOR2;LUC7L3;LBR;CPSF6;ACIN1;CCNL1;CCNL2;CGN;CHERP;CLASRP;
SxSxxxSR,Nucleocapsid,106,1.50E-04,TRA2A;U2AF2;LUC7L2;EZH2;CLK3;SRPK2;SRRM1;RNPS1;MDM2;SREK1;PNN;NKAP;LUC7L;BCLAF1;EIF3A;DDX3X;DHX8;SRSF1;XRN1;TTC14;THRAP3;UBAP2;ZNF638;RIPK2;RACGAP1;PHRF1;RNF168;NKTR;EPB41L3;DLST;CLK2;CREBBP;CPSF7;SON;SRCIN1;SRSF10;SRSF3;SRSF4;SRSF6;SRSF7;SRSF8;SRSF9;ZFYVE26;SSRP1;SUGP2;SMTN;SCAF8;ZFP36;ZNF592;SLX4;RSRC1;TATDN2;TBX3;TCF12;TCOF1;RSRC2;ZNF655;TNFRSF21;TOPORS;TRA2B;TREX1;PHC2;RAPGEF6;RBM26;NCAPD3;PNISR;POLA1;PPHLN1;RBM25;PPIG;PPP1R9B;NEFH;PRRC2A;RPS6KA2;MAP4K4;MEX3C;GPATCH8;GPR161;LIN7B;EIF4EBP1;LUC7L3;KIF18B;HNRNPL;LBR;MCMBP;EP300;ABCF3;CPSF6;CAMSAP2;ACIN1;CCNL1;CCNL2;CCNT2;CEP170;ARL6IP4;DENND1A;DES;CHERP;ATF6B;CLASP2;CLASRP;DVL2;CLIP1;CLK4;CLOCK;CKAP4;
SRxxSPxR,Nucleocapsid,21,1.60E-04,TRA2A;SRRM1;MAST3;BCLAF1;SRSF1;THRAP3;ZNF638;BAG3;CPSF7;SRCIN1;SRSF7;USP2;TRA2B;PNISR;PPHLN1;PPP1R18;LBR;ACIN1;CCNL2;CLASP2;CLK4;
SRSxxSS,Nucleocapsid,32,1.60E-04,ZFC3H1;CLK3;RNPS1;PNN;BCLAF1;THRAP3;PHRF1;NKTR;KNOP1;CLK2;CREBBP;CPSF7;SRSF6;SRSF8;ZMYND8;SIMC1;SLX4;YTHDC1;TOPORS;TRA2B;TRIM29;PITPNM1;PNISR;RPS6KA2;ELF1;LUC7L3;ERAP1;AHCTF1;ACIN1;CCNL2;CEP170;CHERP;
SxSSxRSR,Nucleocapsid,10,1.70E-04,LUC7L2;SRRM1;BCLAF1;PHRF1;NKTR;TOPORS;ACIN1;CCNL2;CLASRP;CLK4;
SRxxSR,Nucleocapsid,78,1.70E-04,HEXIM1;TRA2A;PLEKHA7;U2AF2;LUC7L2;CLK3;SRRM1;CCDC8;ATXN2;SREK1;PNN;NKAP;LUC7L;BCLAF1;EIF3A;DDX3X;DHX8;SRSF1;U2AF1;SUPT16H;XRN1;TTC14;THRAP3;SMG5;ZNF638;PHRF1;NKTR;MAGI1;MCM4;DLST;CLK2;BAG3;CAPRIN1;CPSF7;SON;SRSF10;SRSF3;SRSF4;SRSF6;SRSF7;SRSF8;SRSF9;SCAF8;ZNF592;RSRC1;RSRC2;TOPORS;RTCB;TRA2B;PER2;RBM26;NCAPD3;PITPNM1;PNISR;RBM25;PPIG;GPATCH8;LUC7L3;MSH6;LARP1B;LBR;HSP90B1;ABCF3;ABHD16A;DDX50;CPSF6;ABI2;CAMSAP2;ACIN1;CCNL1;CCNL2;ARL6IP4;CHERP;DHX38;DNAAF5;CLASP2;CLASRP;ANKHD1;
SSxxSSxS,Nucleocapsid,102,1.70E-04,ZC3H3;ZFC3H1;CLK3;SRRM1;RNPS1;JMJD6;ATXN2;PNN;NOLC1;MAST3;HBP1;CUL4B;EDC4;DDX3X;SLBP;SIPA1L1;TTC14;THRAP3;UBAP2;NUFIP2;NUP214;RASSF10;PIAS1;NKTR;HDAC5;EMSY;MEX3A;EMD;IRS1;BAG3;CBX2;SPATS2;WDR26;TTLL7;SUB1;SH3PXD2A;WWC1;SYBU;ZMYND8;ZNF207;SIMC1;TANC1;RSRC1;TBX3;TCOF1;SIPA1L2;UBE2E1;ULK1;TOB1;ZCCHC10;PAXBP1;PDPK1;PUM1;RNF126;PIP5K1C;PITPNM1;PNISR;NCBP3;PUM2;NR1D2;POM121;PPIG;RNF10;RNF111;RPS6KA5;RPRD2;PACS1;MAP4K4;GPALPP1;ETV5;GTF2E2;MED4;FOS;HDGFL2;F2RL1;HIPK3;FAM104A;FAM120A;KDM6B;HPS5;KRI1;MED19;MEX3B;KANK1;KCMF1;BCL7B;ACIN1;E2F4;CCNT2;ARHGEF11;CTTNBP2NL;CWC22;CELF1;CFAP97;ARL6IP4;ATF6B;DOCK3;CLASRP;CLIP1;DYRK1A;AMOTL1;CKAP4;
SxxSxSRS,Nucleocapsid,28,1.80E-04,CHD4;LUC7L2;SRRM1;PNN;NKAP;BCLAF1;DDX3X;THRAP3;NKTR;ZMYM5;SRSF4;SRSF6;SRSF7;SRSF8;STBD1;VIM;TOPORS;ZMYM2;FNBP4;GPATCH8;CAP1;ACIN1;CCNL1;CCNL2;DDX3Y;CHERP;CLASRP;ANAPC1;
KxxKKxK,Nucleocapsid,127,1.90E-04,LARP7;CHD3;TRIM25;RIOK1;NOP56;MNDA;CHD4;SUZ12;SRPK2;SRRM1;PUM3;RPL6;ZCRB1;NKAP;PA2G4;POP1;NOP58;GPATCH4;MECP2;IK;DKC1;DDX24;EIF2S2;YAF2;SART3;RSL1D1;SP100;TAF1D;TTC14;THRAP3;TNRC6B;RYBP;TOP1;TOP2B;SRPK1;MYO18A;RNF168;RPL17;PRPF40A;PSMD2;NKAPD1;NKTR;KNOP1;EXOSC10;EPB41L3;HMGB3;GIGYF2;MPHOSPH8;GNL2;EIF3J;MAP3K14;ILF3;EIF4B;HSP90AA1;CDC40;SON;SPATS2;SREK1IP1;SRP14;WBP11;ZCCHC17;SSRP1;TTLL7;SMARCA4;SDAD1;SUB1;TAF1;TTC3;TCOF1;RSRC2;SMC4;USPL1;WBP4;TNRC6A;TOPORS;TMA16;PARP1;NMT2;RFC1;RABL6;RPS25;PUM1;PHF20;RAPGEF6;PKP4;PNISR;PPIG;REXO4;PPP1R10;RNF10;RPL24;N4BP2;PSMC1;PSMD1;PARN;KLHDC4;KIF1B;GPATCH8;GTPBP4;EPS8;HMGB2;MRPS5;IBTK;LYAR;EPS8L2;FERMT3;EIF4G3;INO80B;MCRS1;MED19;ITGB1;GEMIN5;HSP90AB1;DNTTIP2;DDX21;AIMP1;ATF4;ACIN1;DTX1;ANKRD11;CPNE8;AGGF1;CEP164;CEP170;CFAP97;ARL6IP4;DHX38;
SxSxxRxR,Nucleocapsid,82,1.90E-04,MEPCE;TRA2A;SNW1;TERF2;U2AF2;LUC7L2;CLK3;SRPK2;SRRM1;RNPS1;SNRNP70;SREK1;UIMC1;PNN;NKAP;MAST3;LUC7L;BCLAF1;DHX8;SRSF1;U2AF1;SUPT16H;THRAP3;ZNF638;PHRF1;RBM8A;NKTR;GIGYF2;HNRNPDL;MFAP1;CLK2;CPSF7;SON;SRCIN1;SRSF10;SRSF3;SRSF4;SRSF6;SRSF7;SRSF8;SRSF9;SCAF8;SLX4;RSRC1;RSRC2;TOPORS;TRA2B;PTPN2;PHC2;RBM12B;RBM26;RETREG3;NCAPD3;PNISR;PPIG;NEFH;MAP4K4;GPATCH8;GTF3C1;GTPBP4;LEMD3;LUC7L3;KIF18B;LBR;FXR1;MBTPS1;IWS1;ACIN1;DHX40;CCNL1;CCNL2;CCNT2;ARHGEF2;CEP164;CEP170;ARL6IP4;CHEK2;CHERP;ATF2;CLASRP;CLK4;CMAS;
SxRSxSRS,Nucleocapsid,12,2.10E-04,LUC7L2;NKAP;BCLAF1;THRAP3;NKTR;SRSF6;SRSF7;ACIN1;CCNL1;CCNL2;CHERP;CLASRP;
SSRxxSRS,Nucleocapsid,12,2.10E-04,LUC7L2;BCLAF1;THRAP3;NKTR;SRSF6;SRSF7;PNISR;ACIN1;CCNL1;CCNL2;CHERP;CLASRP;
SSxSxxRS,Nucleocapsid,28,2.10E-04,ZFC3H1;LUC7L2;SRPK2;SRRM1;PNN;NKAP;BCLAF1;SIPA1L1;THRAP3;NKAPD1;NKTR;SRSF4;SRSF6;SRSF7;SRSF8;SH3PXD2A;SHANK3;SLX4;TOPORS;PPP1R15A;GPATCH8;KIF18B;DDX50;ACIN1;CCNL1;CCNL2;CHERP;CLASRP;
SxSRSxxS,Nucleocapsid,28,2.10E-04,ZC3H3;CHD4;RNPS1;PNN;BCLAF1;THRAP3;RIPK2;PHRF1;NKTR;CPSF7;UTP14A;SRCIN1;SRSF10;SRSF4;SRSF6;SRSF8;SLX4;TNFAIP1;TOPORS;TRA2B;PCF11;PITPNM1;LUC7L3;MTCL1;ACIN1;CHERP;CLASRP;ANAPC1;
PxKxKKxK,Nucleocapsid,22,2.20E-04,CHD3;NOP56;CHD4;NOP58;GPATCH4;MECP2;DKC1;SIRT1;RYBP;TRIM56;KNOP1;IQGAP1;DHX9;SRGAP2;TCERG1;ZCCHC10;RABL6;PHF20;RBM25;PPP2R5D;DDX21;ANKRD11;
KKKK,Nucleocapsid,117,2.20E-04,LARP7;BRCA1;RRP1B;CHD3;NOP56;CHD4;U2AF2;PINX1;NIFK;SRPK2;SRRM1;TERF1;PUM3;USP10;ZCRB1;NKAP;PA2G4;NOP58;GPATCH4;DKC1;DDX24;EIF2S2;DHX8;SART3;RSL1D1;SP100;TAF1D;TNRC6B;TOP1;TOP2B;TRIM56;SRPK1;ZNF638;NOL12;PHRF1;RPL23A;KNOP1;HIRA;HMGB3;GIGYF2;MPHOSPH8;EIF3J;FTSJ3;ILF3;HSP90AA1;DHX9;SON;UTP14A;SPATS2;WDR26;WBP11;SRSF4;ZCCHC17;SSRP1;TTLL7;SMARCA4;SDAD1;SUGP2;UTP4;ZMYND8;ZNF207;TTC3;TCOF1;TNKS1BP1;TNNT1;SEC31A;TNRC6A;TOPORS;ZCCHC10;ZNF106;ZNHIT1;NMT2;PDE4B;RABL6;RPS25;PHF14;PHF20;PKP4;RBM25;REXO4;PPP1R10;RNF144B;MYO9A;RPF2;NCOR2;PSMC1;KIF1B;GPATCH8;GTF2E2;KIF13B;KIF4A;HDGFL2;MRPS5;IFIH1;LYAR;FERMT3;MARVELD2;ING5;MED19;GEMIN5;HSP90AB1;DNTTIP2;ABL1;C1orf131;CBX1;CCDC59;CPNE8;ADD1;CWC22;CEP164;DDX54;ARL6IP4;DNMT1;AP2A2;ANKHD1;ANKRD1;CIT;
SxxSxSxS,Nucleocapsid,242,2.80E-04,TRA2A;ZC3H3;CHD4;ZFC3H1;LUC7L2;GSPT2;SRRM1;RNPS1;JMJD6;MDM2;EIF3B;ATXN2;EIF3C;SH3KBP1;SREK1;PNN;NKAP;NOLC1;MAST3;BCLAF1;CUL4B;EDC4;DDX24;DDX3X;VSX1;SIPA1L1;SIRT1;TTC14;THRAP3;SMG5;UBAP2;SEC24C;TNRC6B;TNRC6C;NUFIP2;NUP214;RASSF10;PHRF1;MTOR;NKAPD1;NKTR;MOV10;EMSY;HLX;MED12;MEX3A;MLX;EMD;MAGI1;MAP3K14;FOXG1;IRS1;EIF4B;AUTS2;BAG3;COIL;CAPRIN1;CASC3;CTDP1;CBX2;CDC40;CDK11A;SON;SPATS2;UBAP2L;WDR26;ZC3H7A;ZMYM5;SRPK3;SRSF4;SRSF6;SRSF7;SRSF8;ZBTB21;ZCCHC17;ZFYVE26;SSRP1;STBD1;TTLL7;SMARCA4;UNK;SMG7;SUB1;SMG9;SMTN;VIM;SCAF8;SH3PXD2A;SHANK3;SYBU;ZFP36;ZNF207;TAF1;SIMC1;ZNF592;TANC1;TAPBP;SLX4;RSRC1;TBX3;TCF12;TCOF1;SIPA1L2;UBE2E1;ULK1;ZNF655;WBP4;TNKS1BP1;TNS3;TOB1;YTHDC1;TOB2;ZBTB11;TOPORS;ZCCHC10;TP53BP2;ZCCHC7;TPGS2;ZMYM2;TRA2B;TRIM16;PCBP2;RFC1;OSBPL8;PDPK1;PDZK1;PER1;PER2;PALLD;PUM1;PHC2;RANBP9;RAPGEF6;PHLDB2;RNF126;PKP4;PLCB3;NACAD;PNISR;NCBP3;QRICH1;NR1D2;POLR2A;POM121;PPHLN1;PPIG;RFWD3;NEFH;RNF111;NEFM;RPS6KA5;RNF7;ROR2;RPAP2;PRPF3;PRUNE1;RPRD2;PACS1;PAIP2;PTCD1;GIGYF1;FNBP4;FUS;MAP4K4;KIF1B;GPATCH8;GPR161;GREB1L;GTF2E2;MED4;GTF3C1;ELF1;LRPPRC;HDGFL2;HELZ;F2RL1;HIPK1;HIPK2;HIPK3;FAM104A;KDM3B;KDM6B;KIF21A;KIF3B;KRI1;FANCM;IFNGR1;ERAP1;MED19;IRS4;MEX3B;GGA3;ITSN2;JADE3;KANK1;KCMF1;KCND3;DLGAP4;C18orf25;CACNA1A;CAP1;ACIN1;E2F4;CCNL1;CCNL2;ANKRD11;CCNT2;CDC14B;CREBZF;ARID1A;CDK11B;CDK2AP1;CTTNBP2NL;CWC22;CELF1;DAGLA;CENPJ;CEP164;CEP170;DCLK1;CEP192;CEP78;DDR1;ATAD2;CFAP97;DDX3Y;CHCHD3;ARL6IP4;CHEK2;DFFA;CHERP;DMTN;CIC;DOCK3;CLASP2;CLASRP;CLIP1;DYRK1A;CLK4;ANAPC1;ANKHD1;CKAP4;
SSRxxxRS,Nucleocapsid,18,2.90E-04,ZFC3H1;LUC7L2;PNN;NKAP;BCLAF1;THRAP3;NKTR;CPSF7;SRSF6;SRSF7;TATDN2;PNISR;GPATCH8;ACIN1;CCNL1;CCNL2;CHERP;CLASRP;
RSRxSS,Nucleocapsid,25,3.10E-04,ZFC3H1;LUC7L2;RNPS1;SREK1;PNN;THRAP3;ZNF638;NKTR;CPSF7;SPATS2;SRSF6;SRSF8;VCPIP1;TOPORS;TRA2B;POM121;GOLGA4;GPATCH8;GREB1L;ELF1;LUC7L3;GGA3;CCNL2;DHX38;CLK4;
KxxKKKK,Nucleocapsid,47,3.10E-04,LARP7;CHD3;NOP56;CHD4;SRRM1;ZCRB1;NKAP;PA2G4;NOP58;GPATCH4;DKC1;EIF2S2;SART3;SP100;TAF1D;TNRC6B;TOP2B;KNOP1;HMGB3;EIF3J;SON;SPATS2;WBP11;ZCCHC17;SSRP1;TTLL7;SMARCA4;SDAD1;TCOF1;TNRC6A;TOPORS;RABL6;RPS25;PHF20;PKP4;REXO4;PPP1R10;KIF1B;MRPS5;LYAR;FERMT3;MED19;GEMIN5;DNTTIP2;CPNE8;CEP164;ARL6IP4;
RSxSxxR,Nucleocapsid,84,3.30E-04,TRA2A;ZC3H3;ZC3HAV1;U2AF2;LUC7L2;CLK3;SRRM1;RNPS1;SNRNP70;SREK1;PNN;NKAP;MAST3;LUC7L;BCLAF1;DHX8;SRSF1;U2AF1;SUPT16H;SP100;TSEN54;THRAP3;ZNF638;MYO18A;PHRF1;RBM8A;NKTR;GIGYF2;HNRNPDL;AUTS2;BAG3;CPSF7;SON;SRSF10;SRSF3;SRSF4;SRSF6;SRSF7;SRSF8;SRSF9;TTLL7;SCAF8;RSRC1;SIPA1L2;RSRC2;USP2;TOPORS;TRA2B;PAK4;RBM12B;RBM26;PLEKHA5;PNISR;PPHLN1;PPIG;REPS2;PPP1R9A;PPP1R9B;NEFM;PRRC2A;PSD3;GPATCH8;GTF3C1;GTPBP4;LUC7L3;LARP1B;LBR;FXR1;MATN2;DLGAP4;CACNA1A;CARHSP1;ACIN1;DROSHA;CCNL1;CCNL2;CDC20;ACSS2;ARL6IP4;CHERP;CLASP2;CLASRP;CLK4;EHMT2;
SxSSxRxR,Nucleocapsid,20,3.30E-04,TERF2;LUC7L2;SRRM1;SREK1;MAST3;BCLAF1;ZNF638;PHRF1;NKTR;CLK2;CPSF7;SON;TOPORS;ACIN1;CCNL2;CCNT2;ARHGEF2;CEP164;CLASRP;CLK4;
SxxSSxSS,Nucleocapsid,104,3.40E-04,ZC3H3;RPTOR;ZFC3H1;SRRM1;RNPS1;LMNA;JMJD6;PNN;NOLC1;MAST3;CUL4B;EDC4;SIPA1L1;XRN1;TAF1D;TTC14;THRAP3;UBAP2;SKI;NEK4;NUFIP2;NUP214;RASSF10;NKTR;EMSY;HLX;MEX3A;EMD;AUTS2;BAG3;CBX2;SPECC1L;WDR26;SRPK3;TTLL7;SMG9;SH3PXD2A;WWC1;ZMYND8;SIMC1;TANC1;SLX4;TCOF1;SIPA1L2;UBE2E1;ULK1;ZCCHC10;ZNF512;TLE1;PER1;RAPGEF6;RNF126;PITPNM1;NFATC3;PNISR;NCBP3;PUM2;NR1D2;POM121;PPIG;RNF10;RNF111;RPS6KA5;OSBP2;PRR14L;NCKIPSD;FNBP4;FUS;MAP4K4;GPATCH2;KIF1B;GREB1L;LSM14A;GTF2E2;MED4;HDGFL2;HIPK2;FAM104A;HMGA1;KDM6B;KIF3B;HPS5;ERAP1;MED19;MEX3B;GGA3;ABI2;EEF2K;ACD;ACIN1;E2F4;CCNT2;ARHGEF11;ARID1A;CWC22;CELF1;CFAP97;ARL6IP4;CHEK2;ATF6B;CLASP2;CLASRP;CLIP1;ECT2;
RSRxSxR,Nucleocapsid,13,3.50E-04,LUC7L2;SREK1;BCLAF1;SRSF1;CPSF7;SON;SRSF6;TOPORS;TRA2B;ZNF512;LUC7L3;CCNL2;DHX38;
SSSRxR,Nucleocapsid,18,3.70E-04,MEPCE;LUC7L2;SRRM1;SREK1;MAST3;BCLAF1;PHRF1;NKAPD1;GIGYF2;AUTS2;CPSF7;SYBU;PUM1;RBM26;ACIN1;CCNL2;CCNT2;CLASRP;
SxxSSSxS,Nucleocapsid,95,3.80E-04,ZC3H3;ZFC3H1;GSPT2;SRRM1;RNPS1;JMJD6;ATXN2;SH3KBP1;PNN;NOLC1;MAST3;CUL4B;EDC4;DDX3X;SIPA1L1;TTC14;THRAP3;UBAP2;TNRC6C;NUFIP2;NUP214;NKTR;HLX;MEX3A;EMD;IRS1;AUTS2;BAG3;COIL;CBX2;WDR26;SRPK3;ZBTB21;SSRP1;TTLL7;SMG7;SMG9;VIM;SH3PXD2A;SYBU;ZFP36;SIMC1;RSRC1;TCOF1;UBE2E1;ULK1;TOB1;ZCCHC10;PDPK1;PER1;PER2;RNF126;PNISR;NCBP3;NR1D2;POM121;PPIG;RNF111;RPS6KA5;PACS1;FNBP4;FUS;GREB1L;GTF2E2;MED4;LRPPRC;HDGFL2;HELZ;F2RL1;FAM104A;KDM6B;KIF3B;KRI1;ERAP1;MED19;MEX3B;GGA3;ACIN1;E2F4;CCNT2;ARID1A;CTTNBP2NL;CWC22;CELF1;CFAP97;DDX3Y;ARL6IP4;CHEK2;CIC;DOCK3;CLASP2;CLASRP;CLIP1;DYRK1A;CKAP4;
SxRSxSxS,Nucleocapsid,30,4.50E-04,LUC7L2;SRRM1;RNPS1;SREK1;PNN;NKAP;BCLAF1;THRAP3;PHRF1;NKTR;SON;SRSF6;SRSF7;SRSF8;VIM;SHANK3;TRA2B;PNISR;RPRD2;GPATCH8;KCND3;C18orf25;ACIN1;CCNL1;CCNL2;DAGLA;DFFA;CHERP;CLASP2;CLASRP;
SSRSxSR,Nucleocapsid,12,4.50E-04,LUC7L2;BCLAF1;THRAP3;NKTR;SRSF6;SRSF7;ABI2;ACIN1;CCNL1;CCNL2;CHERP;CLASRP;
SxSRSRxS,Nucleocapsid,13,5.10E-04,PNN;BCLAF1;NKTR;CPSF7;SRCIN1;SRSF4;SRSF6;SRSF8;TOPORS;TRA2B;LUC7L3;CHERP;CLASRP;
SxxSSRSR,Nucleocapsid,9,5.10E-04,LUC7L2;SRRM1;BCLAF1;PHRF1;NKTR;SRSF6;ACIN1;CCNL2;CLASRP;
SRSxxR,Nucleocapsid,69,5.30E-04,TRA2A;TERF2;U2AF2;PIN1;LUC7L2;CLK3;SRRM1;RNPS1;SNRNP70;SREK1;PNN;NKAP;LUC7L;BCLAF1;DDX3X;DHX8;SRSF1;U2AF1;SUPT16H;TTC14;THRAP3;SMG6;SAFB2;ZNF638;MYO18A;RBM8A;NKTR;DHX30;CDK11A;SON;SRSF10;SRSF3;SRSF4;SRSF6;SRSF7;SRSF8;SRSF9;ZFYVE26;SCAF8;SYNPO;RSRC1;RSRC2;ZNF672;TOPORS;TRA2B;NUP188;PHLDB2;RBM26;RBM5;PNISR;RAB5B;PPIG;GPATCH8;LRFN1;GTPBP4;LUC7L3;LBR;DDX50;BCCIP;CPSF6;ABI2;ACIN1;CCNL1;CCNL2;ARHGEF11;CDK11B;ARL6IP4;CHERP;CLASRP;
PKKxxKxK,Nucleocapsid,16,5.30E-04,NOP56;CHD4;ZCRB1;RPL5;DKC1;DDX24;RYBP;RBM34;SRSF10;PHF20;PNISR;PNRC1;LIG1;MED19;DDX21;DLGAP4;
KxxKxKK,Nucleocapsid,112,5.30E-04,LARP7;SIRT7;CHD3;RIOK1;NOP56;CHD4;SRPK2;SRRM1;RPL6;SREK1;ZCRB1;NKAP;PA2G4;NOP58;GPATCH4;MECP2;DKC1;DDX24;EIF2S2;DHX8;SART3;SP100;TAF1D;THRAP3;TNRC6B;TOP1;TOP2B;SRPK1;MYO18A;RBM34;RPL7A;RACGAP1;RBM10;POLE3;RPL23A;PRPF40A;PSMD2;NKAPD1;NKTR;KNOP1;HMGB3;MED12;EIF3J;CDC40;SON;SPATS2;SREK1IP1;SRP14;WBP11;ZCCHC17;SSRP1;TTLL7;SMARCA4;SDAD1;UPF3B;SUB1;TCOF1;WBP4;TNRC6A;TOPORS;ZCCHC7;NMT2;RABL6;NVL;RPS25;PTMA;PHF20;RBM5;PKP4;PNISR;RBM25;NOP14;PPIG;REXO4;PPP1R10;NEFH;NSD1;NSD2;RPS6KA5;N4BP2;PSMC1;PSMD1;KDM1A;KLHDC4;LIG1;KIF1B;GPATCH8;GTF3C1;HDAC6;EPS8;FAM111B;HMG20A;KDM3B;KRI1;MRPS5;LYAR;FERMT3;INO80B;MED19;GEMIN5;HSP90AB1;HSP90B1;DNTTIP2;DDX21;DNAJC8;BRF1;C8orf33;ANKRD11;CPNE8;AGGF1;CEP164;ARL6IP4;
PPxxxKK,Nucleocapsid,46,5.60E-04,CUL1;CCDC8;RPS6KB2;GPATCH4;GRK5;CUL4B;YAF2;SP100;RYBP;NOP2;RACGAP1;LIMA1;GSPT1;DHX9;SPTY2D1;WBP11;STIP1;SMARCA4;UTP4;SH3PXD2A;TAF1;TNS3;ZCCHC10;RPS10;PTPN4;PDPK1;RPS25;PAN3;RAPGEF1;RBM12;FNBP4;FOXH1;EPS15L1;HELZ;HMGB2;EIF4G2;MAP4;MPDU1;ABL1;DLGAP4;ANKRD11;CDC73;ARID1A;CTTNBP2NL;CEP78;ACTL6B;
RSRxxxR,Nucleocapsid,66,5.80E-04,TRA2A;CHD4;U2AF2;LUC7L2;CLK3;SRRM1;RNPS1;SNRNP70;SREK1;PNN;NKAP;LUC7L;BCLAF1;DHX8;SRRT;SRSF1;U2AF1;THRAP3;ZNF638;PHRF1;RBM8A;NKTR;DLST;CLK2;CPSF7;SON;SRSF10;SRSF3;SRSF4;SRSF6;SRSF7;SRSF8;SRSF9;SCAF8;RSRC1;RSRC2;YBX3;YTHDC1;TOPORS;ZMYM4;TRA2B;ZNF512;RIF1;PAIP1;RBM26;PNISR;RBM25;PPIG;GIGYF1;GPATCH8;GTPBP4;LUC7L3;LBR;LSM14B;MARVELD2;IRS4;BCL7C;CPSF6;ACIN1;DROSHA;CCNL1;CCNL2;ARL6IP4;CHERP;DHX38;CLASRP;
SxxxSRxR,Nucleocapsid,72,5.80E-04,TRA2A;U2AF2;LUC7L2;SRRM1;RNPS1;SREK1;PNN;PABPN1;NKAP;MAST3;LUC7L;BCLAF1;DHX8;SRSF1;VSX1;U2AF1;SUPT16H;THRAP3;ZNF638;PHRF1;RBM8A;NKTR;KIF23;HEXIM2;AUTS2;CPSF7;SON;SRCIN1;SRSF10;SRSF3;SRSF4;SRSF6;SRSF7;SRSF8;SRSF9;SCAF8;SUPT5H;XRCC6;TAF1;TANC1;RSRC1;TATDN2;TSPYL2;TCF12;RSRC2;YTHDC1;TOPORS;TRA2B;PHC2;RBM26;PNISR;POLA1;RBM25;PPIG;NEFH;PRPF3;GPATCH8;KIF21A;LBR;INKA2;FMR1;AHCTF1;ACIN1;DROSHA;CCNL1;CCNL2;CCNT2;CREB3L4;CWC22;ARL6IP4;CHERP;CLASRP;
SxxSSxSR,Nucleocapsid,30,6.00E-04,LUC7L2;SRRM1;RNPS1;PNN;MAST3;BCLAF1;THRAP3;UBAP2;PHRF1;NKTR;SPATS2;SRSF6;SRSF8;SUB1;SH3RF2;SYBU;SLX4;RSRC1;ZNF655;TNRC6A;ZNF687;PHC2;RPS6KA2;GPATCH8;GPR161;LBR;ACIN1;CCNL2;CCNT2;CLASRP;
SxxxxRSR,Nucleocapsid,65,6.80E-04,TRA2A;ZC3H3;U2AF2;LUC7L2;CLK3;WDR46;SRPK2;SRRM1;RNPS1;LMNA;SFPQ;SREK1;PNN;NKAP;FXR2;BCLAF1;DHX8;SRSF1;THRAP3;ZNF638;PHRF1;NDRG1;NKTR;LIMA1;CPSF7;SON;SF1;SRCIN1;SRSF10;SRSF3;SRSF4;SRSF6;SRSF7;SRSF8;SRSF9;SCAF8;SLX4;RSRC1;RSRC2;TOPORS;TRA2B;PCF11;RBM12B;RBM26;NCAPD3;PLXNA3;PNISR;PPIG;GPATCH8;LUC7L3;KIF18B;LBR;DDX50;AHCTF1;ACIN1;DOCK7;CCDC9B;CCNL1;CCNL2;DDX54;ARL6IP4;CHERP;CLASRP;CLK4;EFCAB11;
SxSSxxSR,Nucleocapsid,33,6.80E-04,LUC7L2;CLK3;SRRM1;RNPS1;BCLAF1;TTC14;UBAP2;PHRF1;NKTR;EPB41L3;SRSF8;RSRC1;ZNF655;TNFRSF21;TOPORS;PHC2;PNISR;PPHLN1;RPS6KA2;GPATCH8;GPR161;LIN7B;LBR;ACIN1;CCNL2;CCNT2;CEP170;DES;ATF6B;CLASRP;CLIP1;CLK4;CLOCK;
SSSxS,Nucleocapsid,255,7.30E-04,BRCA1;HNRNPA1;CUL1;ZC3H3;RPTOR;ZFC3H1;SUZ12;LUC7L2;GSPT2;CSNK1A1;SRRM1;WWP2;RNPS1;JMJD6;MDM2;ATXN2;SH3KBP1;SREK1;PNN;NKAP;NOLC1;MAST3;HBP1;FAF1;MECP2;KIF5C;FXR2;BCLAF1;CUL4B;EDC4;CRY1;DDX3X;SOX2;SLBP;SIPA1L1;XRN1;TAF1D;TARBP2;TTC14;THRAP3;UBAP2;ZC3H14;TNRC6C;RYBP;TOP2B;NEK4;RBMS2;NUFIP2;NUP214;PTEN;RACGAP1;PHRF1;PIAS1;NKTR;LARP1;HIRA;HIRIP3;EMSY;HLX;MAGEB2;MED12;MEX3A;EMD;FOXG1;IRS1;AUTS2;BAG3;BARD1;COIL;CTDP1;CBX2;SORBS1;ZDHHC7;UTP14A;SPECC1L;UBAP2L;WDR26;SPTY2D1;SF3B1;SRPK3;SRSF8;ZBTB21;SSRP1;TTLL7;SMG7;SMG8;SUB1;SMG9;SMTN;VIM;SH3BP5;SUN1;SH3PXD2A;WWC1;SHANK3;SYBU;ZFP36;TAB1;TAF1;SIMC1;ZNF592;TANC1;SLX4;RSRC1;TSC1;TATDN2;TSPYL2;TBX3;TCOF1;TCTN3;SIPA1L2;UBE2E1;ULK1;ZNF655;TNFRSF21;XPC;TNRC6A;TOB1;YTHDC1;ZBTB11;TP53BP1;ZCCHC10;TPGS2;ZFR;ZNF106;ZNF512;TRIM29;ZNF687;RIF1;PAK4;PCNP;RABL6;RBMS1;PDPK1;PDZK1;PER1;PER2;PALLD;PHC2;PHF11;PHF20;RAPGEF6;PHLDB2;PIAS2;PIAS4;RNF126;RORB;PITPNM1;PML;PAN3;PNISR;NCBP3;PUM2;NUP153;NR1D2;POM121;PPFIBP1;PPIG;OAZ1;RFWD3;NSD1;NSD2;RNF10;RNF111;RPS6KA5;RPAP2;NCOA5;N4BP2;RPRD2;PACS1;PTCD1;RPS6KA2;NCKIPSD;GIGYF1;FNBP4;FUS;MAP4K4;GPALPP1;GPATCH2;GPATCH8;GPR161;GREB1L;MAPK8IP3;GTF2E2;MED4;GTF3C1;EXOC7;LRPPRC;HDGFL2;EPS15L1;HELZ;EPS8;MAX;HEY1;F2RL1;HIPK1;FAM104A;HMGA1;KDM6B;KIF18B;KIF3B;KRI1;LBR;HSPB1;MAPK8;ERAP1;MED19;IRS4;MEX3B;ITSN1;GGA3;ITSN2;FLNA;JADE3;KANK1;KCMF1;ABI2;ABL1;EEF2K;CACNA1A;CAMSAP2;APPL1;ACIN1;DROSHA;E2F4;CCNL2;ANKRD11;CCNT2;ARHGEF11;CREBZF;ARID1A;CTTNBP2NL;CWC22;CELF1;CENPJ;CEP164;CEP170;DDR1;ATAD2;CFAP97;DDX3Y;ARL6IP4;CHEK2;CHERP;ATF6B;CIC;DOCK3;DOT1L;CLASP2;CLASRP;ARNTL;CLIP1;DYRK1A;ANKHD1;CKAP4;
SxSxSxxR,Nucleocapsid,112,7.40E-04,TRA2A;ZC3H3;ZC3HAV1;ZFC3H1;U2AF2;LUC7L2;CLK3;SRRM1;RNPS1;SREK1;PNN;NKAP;NFKB2;PRKAA1;MAST3;FAF1;LUC7L;BCLAF1;DDX3X;DHX8;SRSF1;U2AF1;SUPT16H;SIPA1L1;SP100;THRAP3;UBAP2;ZNF638;PHRF1;NKTR;HNRNPDL;CLK2;CREBBP;CPSF7;SON;UBAP2L;SPTY2D1;SRCIN1;SRSF10;SRSF3;SRSF4;SRSF6;SRSF7;SRSF8;ZBTB21;SRSF9;ZFYVE26;SSRP1;TTLL7;SMTN;VIM;SCAF8;SH3PXD2A;WDR37;RSRC1;TSPYL2;RSRC2;USP2;ZNF655;TMEM184B;XPC;TOPORS;ZFR;ZMYM2;TRA2B;PER1;PHC2;RAPGEF6;RBM12B;RBM26;PNISR;PUM2;NOL8;POLR2A;PPHLN1;PPIG;NEFH;PPP2R5E;RPRD2;RPS6KA2;FNBP4;MAP4K4;MCC;GPATCH8;GPR161;GREB1L;MORC4;FAM83G;KIF18B;LBR;MBTPS1;MEX3B;IWS1;CROCC;DLGAP4;EDC3;C9orf40;CACNA1A;AHCTF1;ACIN1;CCNL1;CCNL2;CCNT2;CREBZF;CDC73;CEP192;ARL6IP4;CHERP;CLASP2;CLASRP;CLK4;CKAP4;
GxRGG,Nucleocapsid,67,7.40E-04,MEPCE;HNRNPA1;HNRNPU;ZC3H3;FBL;ZFC3H1;ILF2;NCL;SFPQ;SYNCRIP;RING1;IGF2BP1;ATXN2L;RPS2;RBM3;HNRNPD;HNRNPDL;HNRNPUL1;JPH4;EIF4H;METTL14;API5;DDX5;CAPRIN1;SLC4A2;TXNDC11;UBAP2L;SRSF9;TWIST1;SUPT5H;TSC1;PBX2;RPAP1;RPIA;NOP14;PPP1R10;NSD1;OAZ2;NCOA5;NFATC2IP;GAR1;GIGYF1;FUS;LSM14A;EXOC5;FAM104A;HNRNPA2B1;HNRNPA3;FAM98A;FAM98B;HNRNPK;LSM14B;FXR1;G3BP1;INO80B;FGF3;IRS4;MTCL1;EFNA4;AVEN;DDX17;ARAF;CD2BP2;CREBZF;ALYREF;CIRBP;CKAP4;
SRxxSxxR,Nucleocapsid,76,8.00E-04,TRA2A;ZC3H3;U2AF2;PIN1;LUC7L2;CLK3;SRRM1;SREK1;PNN;NKAP;MAST3;GPATCH4;LUC7L;FXR2;BCLAF1;DHX8;SRSF1;U2AF1;SUPT16H;SP100;THRAP3;ZNF638;PHRF1;NKTR;HNRNPDL;EIF4B;CREBBP;BAG3;CPSF7;SON;SPECC1L;SRCIN1;SRSF10;SRSF3;SRSF4;SRSF6;SRSF7;SRSF8;SRSF9;TTLL7;SCAF8;RSRC1;RSRC2;UQCRFS1;USP2;TOPORS;TRA2B;PHACTR3;RBM26;PNISR;PPHLN1;RBM25;PPIG;PPP1R18;NES;GIT2;GPATCH8;LBR;FXR1;MATN2;FGF11;DLGAP4;CACNA1A;ACIN1;DROSHA;CCNL1;CCNL2;ARHGEF2;DAGLA;DCTN1;ARL6IP4;CHERP;CLASP2;CLASRP;DVL2;CLK4;
SSRxxSxS,Nucleocapsid,31,8.00E-04,LUC7L2;SRRM1;RNPS1;PNN;MAST3;BCLAF1;DDX3X;THRAP3;MYO18A;PHRF1;NKTR;SON;SRSF6;SRSF7;SRSF8;SSRP1;RSRC2;PNISR;NEDD4L;NCOR2;FOS;HELZ;HPS5;IGBP1;ABI2;ACIN1;CCNL1;CCNL2;CDC42BPB;CHERP;CLASRP;
SRxSSxSR,Nucleocapsid,9,8.10E-04,LUC7L2;MAST3;BCLAF1;THRAP3;NKTR;SRSF6;GPATCH8;CCNL2;CLASRP;
SRSxxSSR,Nucleocapsid,9,8.00E-04,BCLAF1;PHRF1;CPSF7;SRSF6;TOPORS;TRA2B;LUC7L3;CCNL2;CEP170;
SSxSSS,Nucleocapsid,104,8.00E-04,HNRNPA1;ZC3H3;RPTOR;ZFC3H1;SRRM1;RNPS1;JMJD6;ATXN2;PNN;NKAP;NOLC1;MAST3;BCLAF1;CUL4B;EDC4;DDX3X;SIPA1L1;TTC14;THRAP3;RYBP;NUFIP2;NUP214;RASSF10;NKTR;HIRIP3;EMSY;HLX;MEX3A;EMD;IRS1;BAG3;CBX2;ZDHHC7;UBAP2L;WDR26;SSRP1;TTLL7;UNK;SMG8;SMTN;SH3PXD2A;SYBU;ZMYND8;TAB1;SIMC1;SLX4;RSRC1;TSC1;TCOF1;SIPA1L2;UBE2E1;ULK1;XPC;TOB1;ZCCHC10;PAK4;PDPK1;PER1;PALLD;RNF126;PNISR;NCBP3;PUM2;NUP153;POM121;PPIG;RNF111;RPS6KA5;PRRC2A;PACS1;FUS;GTF2E2;MED4;HDAC7;HDGFL2;F2RL1;HIPK2;FAM104A;FAM120A;KDM6B;KIF3B;KRI1;GCFC2;MEX3B;ABI2;C18orf25;CAMSAP2;ACD;DDX17;ACIN1;E2F4;CCNT2;ARID1A;CWC22;CELF1;CFAP97;DDX3Y;ARL6IP4;CHEK2;CIC;CLASRP;DYRK1A;ANKHD1;CKAP4;
SRxxxxSR,Nucleocapsid,70,8.10E-04,TRA2A;LUC7L2;CLK3;SRRM1;TERF1;MDM2;DGCR8;SFPQ;SREK1;NKAP;MAST3;LUC7L;FXR2;BCLAF1;DHX8;SRSF1;THRAP3;ZNF638;PHRF1;NKTR;EIF4G1;EIF4H;DLST;CPSF7;SON;SRSF10;SRSF3;SRSF4;SRSF6;SRSF7;SRSF8;SRSF9;ZFYVE26;TTLL7;SCAF8;TATDN2;TCOF1;RSRC2;TOPORS;TRA2B;PER1;RBM26;PNISR;POM121;RBM25;PPIG;MAP4K4;GPATCH8;LRFN1;LEMD3;LUC7L3;LBR;FXR1;EIF4G3;MATN2;ITCH;CPSF6;ACIN1;CCNL1;CCNL2;CDC16;CWC22;CEP170;DCTN1;ARL6IP4;DES;CHERP;CIRBP;CLASP2;CLASRP;
SxSRxSSR,Nucleocapsid,8,9.00E-04,NKTR;CPSF7;SRSF6;TOPORS;TRA2B;LUC7L3;CCNL2;CLASRP;
SSxSxxSS,Nucleocapsid,92,9.00E-04,ZC3H3;ZFC3H1;CLK3;SRRM1;RNPS1;LMNA;JMJD6;ATXN2;PNN;NOLC1;GRK5;BCLAF1;CUL4B;EDC4;DDX3X;SIPA1L1;XRN1;TTC14;THRAP3;SKI;NUFIP2;NUP214;RASSF10;NKTR;EMSY;HLX;MEX3A;EMD;ATF1;BAG3;CTDP1;CBX2;WDR26;SMTN;SH3BP5;SH3PXD2A;WWC1;SHANK3;ZFP36;TANC1;SLX4;SIPA1L2;UBE2E1;ULK1;TNKS1BP1;ZCCHC10;TPGS2;PDS5B;OCIAD1;PHC2;RAPGEF6;RNF126;PITPNM1;NACAD;PNISR;NUP153;NR1D2;PPHLN1;PPIG;MYC;RNF10;RNF111;RPS6KA5;OSBP2;RPRD2;PTCH1;NCKIPSD;FUS;GPATCH8;GPR161;GTF2E2;HDGFL2;FAM104A;HJURP;KDM6B;MEAF6;MEX3B;DLGAP4;ACIN1;E2F4;CCNT2;ARID1A;CWC22;CELF1;ATAD2;CFAP97;ARL6IP4;CHEK2;ATF6B;CLASRP;CLIP1;DYRK1A;
SxSxxRS,Nucleocapsid,98,9.00E-04,NPM1;TRA2A;ZC3HAV1;ZFC3H1;U2AF2;LUC7L2;SRPK2;SRRM1;RNPS1;SREK1;PNN;NKAP;NFKB2;PRKAA1;BCLAF1;EDC4;DHX8;SRSF1;SIPA1L1;SYNM;TSEN54;THRAP3;SMG5;UBAP2;SAFB2;ZNF638;NEK4;MYO18A;PHRF1;NDE1;NKAPD1;NKTR;HNRNPDL;MAGI1;ILF3;IRS1;ACTBL2;AUTS2;SORBS1;SRCIN1;SRSF10;SRSF3;SRSF4;SRSF6;SRSF7;SRSF8;ZFYVE26;TTLL7;SMARCA4;SCAF8;SH3PXD2A;SHANK3;SLX4;RSRC1;TCOF1;RSRC2;TOPORS;ZFR;RTKN;TRA2B;TRAPPC9;ZNF670;PER1;RBM26;PIAS2;NCAPD3;PKP4;PNISR;NOL8;RANBP3;PPHLN1;PPIG;PPP1R15A;PPP1R9B;RNF111;NEFM;PPP2R5E;FNBP4;GPATCH8;LUC7L3;KCTD3;KIF18B;LBR;MEF2D;ITSN1;JADE3;DDX50;AHCTF1;ACIN1;DROSHA;CCNL1;CCNL2;CREBZF;ARL6IP4;CHERP;CLASRP;CLIP1;CLK4;
SRSRxSxR,Nucleocapsid,7,9.20E-04,BCLAF1;CPSF7;SRSF6;TOPORS;TRA2B;LUC7L3;CCNL2;
PxKxxKKK,Nucleocapsid,20,9.30E-04,CHD3;CHD4;ZCRB1;RPL5;NOP58;GPATCH4;DKC1;SP100;KNOP1;HMGB3;DHX9;WBP11;ZCCHC10;RABL6;RPS25;PHACTR3;PHF20;PNRC1;FERMT3;DOT1L;
SxSSSxxR,Nucleocapsid,37,9.80E-04,LUC7L2;SRRM1;RNPS1;SREK1;MAST3;FAF1;BCLAF1;SIPA1L1;UBAP2;PHRF1;NKTR;CLK2;CPSF7;SRSF8;VIM;RSRC1;USP2;ZNF655;XPC;PHC2;PNISR;PUM2;NOL8;PPP2R5E;RPS6KA2;MCC;GPATCH8;GPR161;GREB1L;MORC4;LBR;MEX3B;ACIN1;CCNL2;CCNT2;ARL6IP4;CLASRP;
SxRSxSR,Nucleocapsid,17,1.00E-03,LUC7L2;NKAP;LUC7L;BCLAF1;THRAP3;PHRF1;NKTR;SRSF6;SRSF7;TOPORS;GPATCH8;ABI2;ACIN1;CCNL1;CCNL2;CHERP;CLASRP;
SRxxSRxS,Nucleocapsid,19,1.00E-03,TRA2A;ATXN2;BCLAF1;THRAP3;SMG5;NKTR;CLK2;SON;SRSF4;SRSF6;SRSF8;TOPORS;TRA2B;PNISR;GPATCH8;LUC7L3;CHERP;CLASP2;CLASRP;
PxxxKKxK,Nucleocapsid,60,1.00E-03,CHD3;RIOK1;NOP56;HNRNPU;CHD4;U2AF2;EZH2;SRRM1;TERF1;CCDC8;UIMC1;RPL5;NOLC1;NOP58;RPS6KB2;GPATCH4;MECP2;DKC1;CUL4B;EIF2S2;YAF2;SP100;SIRT1;RYBP;TRIM56;RNF168;KNOP1;MPHOSPH8;HSPA4;IQGAP1;DHX9;EIF2A;SRGAP2;TXLNA;SSRP1;SMARCA4;UTP4;TAF1;TCERG1;TCOF1;ZCCHC10;ZCCHC7;RABL6;RPS25;PHF20;RPL36AL;RPL4;RBM25;PPP2R5D;RPL36A;LEMD3;HMGB2;FANCM;HYOU1;IBTK;MAP4;EIF4G3;DDX21;ANKRD11;ADD1;
SRxxxRS,Nucleocapsid,61,1.10E-03,TRA2A;ZC3H3;PLEKHA7;ZFC3H1;LUC7L2;CLK3;SRRM1;SFPQ;SREK1;PNN;NKAP;BCLAF1;DHX8;SRSF1;U2AF1;THRAP3;SAFB2;ZNF638;MYO18A;PHRF1;NKTR;HIRA;DLST;CLK2;CPSF7;SON;SRSF10;SRSF3;SRSF4;SRSF6;SRSF7;SRSF8;SCAF8;ZFP36;RSRC1;TATDN2;RSRC2;USP43;TOPORS;TRA2B;RIF1;PDLIM4;RBM26;PNISR;PPIG;GPATCH8;HAP1;LUC7L3;KDM4C;LBR;DDX50;ACIN1;CCDC9B;CCNL1;CCNL2;CEP170;ARL6IP4;CHERP;DHX38;CLASP2;CLASRP;
SxxxSxSR,Nucleocapsid,92,1.10E-03,TRA2A;ZFC3H1;U2AF2;LUC7L2;SRRM1;RNPS1;JMJD6;SREK1;PNN;NKAP;MAST3;LUC7L;FXR2;IK;BCLAF1;DDX3X;DHX8;SRSF1;XRN1;THRAP3;UBAP2;ZNF638;PHRF1;NKTR;CPSF7;CTDP1;SON;SPATS2;SRCIN1;SRSF10;SRSF3;SRSF4;SRSF6;SRSF7;SRSF8;SRSF9;ZFYVE26;SSRP1;TTLL7;STK10;SUB1;SMTN;SCAF8;SH3RF2;SYBU;SNTB2;SZRD1;ZNF592;TRIM41;SLX4;RSRC1;RSRC2;ZNF655;TNRC6A;TOPORS;TRA2B;ZNF687;PUM1;PHC2;RAPGEF6;RBM26;PKP4;PNISR;POM121;NEFH;RPS6KA2;GPATCH8;GPR161;LUZP4;KIF13B;LUC7L3;KIF21A;LBR;FXR1;MATN2;MEF2D;DACT1;DCAF6;AHCTF1;ACIN1;CCNL1;CCNL2;CCNT2;ARID1A;DCTN1;DDX3Y;ARL6IP4;CHERP;CLASP2;CLASRP;ANAPC1;CKAP4;
KKxxKK,Nucleocapsid,118,1.10E-03,LARP7;RIOK1;NOP56;CHD4;PINX1;NIFK;SRPK2;SRRM1;SH3KBP1;ZCRB1;NKAP;RPL5;PA2G4;NOLC1;NOP58;GPATCH4;IK;DKC1;DDX24;EIF2S2;SRRT;SART3;SURF6;RSL1D1;TAF1D;TNRC6B;SAFB2;TOP1;TOP2B;SRPK1;RPS8;RPS27L;RBM34;RPS3A;RPL29;PRPF40A;NKAPD1;NKTR;KNOP1;MPHOSPH8;MAP3K14;ILF3;IQGAP1;EIF4B;HDAC2;HSP90AA1;CREBBP;BARD1;SON;UTP14A;SPATS2;SPOUT1;SREK1IP1;SRP14;SMARCC2;ZCCHC17;SMARCA4;SDAD1;UPF3B;RRP8;TTC3;TCOF1;SMARCC1;ZNF740;WBP4;SEC31A;TNRC6A;TOPORS;ZCCHC10;ZNF106;PARP1;NMT2;RABL6;PDS5B;RPF1;PHF20;PKP4;PNRC1;RBM25;PPIG;REXO4;NEFH;NSD1;NSD2;MYO9A;RPLP2;RPS27A;ESCO2;GPATCH8;HDGFL2;HMGB2;KLHL7;FANCI;EPS8L2;FERMT3;INO80B;MED19;EP300;HSP90AB1;DNTTIP2;DDX21;AIMP1;DNAJC8;C1orf131;ACBD5;AHCTF1;CBX1;ACIN1;CCDC59;DTX1;ANKRD11;CPNE8;ADD1;AGGF1;ABCF2;CEP164;ARL6IP4;DOT1L;
KxKxKK,Nucleocapsid,115,1.10E-03,LARP7;CHD3;NOP56;CHD4;PINX1;SRPK2;SRRM1;ZCRB1;NKAP;RPS14;PA2G4;POP1;NOP58;GPATCH4;GRK5;DKC1;EED;EDC4;DDX24;EIF2S2;SURF6;SP100;TTC14;TOP1;SRPK1;RPS27L;MYO6;RBM34;RPL7A;POLE3;RBM8A;PRPF40A;PSMD2;NKAPD1;NKTR;KNOP1;MPHOSPH8;GNL2;EIF3J;FTSJ3;EIF4B;HSP90AA1;DHX9;SON;UTP14A;SPATS2;SREK1IP1;SRP14;SRPK3;ZCCHC17;SSRP1;SMARCA4;SDAD1;UPF3B;SUB1;TTC3;TCOF1;SCFD1;WBP4;TNKS1BP1;XPC;TOPORS;ZCCHC10;ZNF106;RCC2;PARP1;NMT2;RABL6;RPF1;RPS25;PHF20;PIP4K2A;PIP4K2B;PKP4;RPS27;NOL8;POM121;RBM25;PPIG;REXO4;PPP1R10;RPF2;N4BP2;PSMC1;PSMD1;RPS27A;FNBP4;GADD45GIP1;KIF1B;GPATCH8;GTF3C1;HDAC6;MAGED2;KIF21A;FANCI;IBTK;EPS8L2;FERMT3;INO80B;MED19;GEMIN5;HSP90AB1;HSP90B1;C8orf33;AHCTF1;CBX1;ACIN1;ANKRD11;CPNE8;CDYL2;CEP164;ARL6IP4;AP2A2;EBP;ANKHD1;
SSSxSR,Nucleocapsid,29,1.20E-03,LUC7L2;SRRM1;RNPS1;PNN;MAST3;BCLAF1;SOX2;UBAP2;PHRF1;NKTR;SORBS1;SRSF8;RSRC1;ZNF655;YTHDC1;PAK4;PHC2;PIAS2;PNISR;RPS6KA2;GPATCH8;GPR161;LBR;ITSN1;FLNA;ACIN1;CCNL2;CCNT2;CLASRP;
RSRxSSR,Nucleocapsid,9,1.20E-03,LUC7L2;SREK1;CPSF7;SRSF6;TOPORS;TRA2B;LUC7L3;CCNL2;DHX38;
SRxSSRSR,Nucleocapsid,5,1.30E-03,LUC7L2;NKTR;SRSF6;CCNL2;CLASRP;
SRxSSxxR,Nucleocapsid,20,1.40E-03,LUC7L2;SREK1;MAST3;BCLAF1;THRAP3;PHRF1;NKTR;SRCIN1;SRSF6;SRSF8;UQCRFS1;USP2;TOPORS;PHACTR3;PNISR;GPATCH8;CCNL2;DAGLA;CLASRP;CLK4;
RSxxRS,Nucleocapsid,68,1.40E-03,TRA2A;PLEKHA7;CUL7;U2AF2;LUC7L2;CLK3;SRRM1;SNRNP70;SREK1;PNN;NKAP;PRKAA1;LUC7L;BCLAF1;DHX8;SRSF1;SGTA;U2AF1;THRAP3;SAFB2;ZNF638;MYO18A;PHRF1;PRPF40A;NKTR;HLX;LIMA1;IRS1;CPSF7;SON;UTP14A;TTLL11;SRSF10;SRSF3;SRSF4;SRSF6;SRSF7;SRSF8;TWIST1;SCAF8;RSRC1;TATDN2;RSRC2;TOPORS;TRA2B;PCF11;RBM26;PNISR;RBM12;PPIG;GPATCH8;LUC7L3;LBR;LNX1;MATN2;DDX50;EDC3;AHCTF1;CARHSP1;ACIN1;DROSHA;CCNL1;CCNL2;AHCYL1;ARL6IP4;CHERP;DMTN;CLASRP;
PxxxKKKK,Nucleocapsid,18,1.40E-03,CHD3;CHD4;U2AF2;TERF1;NOP58;GPATCH4;DKC1;EIF2S2;SP100;KNOP1;MPHOSPH8;DHX9;UTP4;TCOF1;ZCCHC10;RABL6;RPS25;PHF20;
SSxRSR,Nucleocapsid,17,1.60E-03,LUC7L2;SRRM1;RNPS1;BCLAF1;THRAP3;PHRF1;NKTR;SON;TOPORS;NIPSNAP2;PRPF3;AOC2;ACIN1;CCNL2;CLASP2;CLASRP;CLK4;
SSRSxxxS,Nucleocapsid,28,1.60E-03,LUC7L2;CLK3;SRRM1;RNPS1;SREK1;PNN;PABPN1;NKAP;BCLAF1;THRAP3;NEK4;PHRF1;NKTR;SON;SRSF6;SRSF7;SRSF8;SLX4;NPAS2;RAPGEF6;PITPNM1;GPATCH8;ACIN1;CCNL1;CCNL2;CHERP;CLASRP;CLOCK;
SxSSSRSR,Nucleocapsid,7,1.60E-03,LUC7L2;SRRM1;BCLAF1;PHRF1;ACIN1;CCNL2;CLASRP;
RSSSRxR,Nucleocapsid,7,1.60E-03,LUC7L2;SREK1;PHRF1;GIGYF2;AUTS2;CCNL2;CLASRP;
SRSRxSSR,Nucleocapsid,6,1.60E-03,CPSF7;SRSF6;TOPORS;TRA2B;LUC7L3;CCNL2;
SSxSRxxS,Nucleocapsid,28,1.80E-03,LUC7L2;SRRM1;RNPS1;PNN;PABPN1;MAST3;BCLAF1;EIF3A;THRAP3;NKAPD1;NKTR;ARHGAP39;SON;SPATS2;SPECC1L;SRSF6;SRSF8;RSRC1;TNRC6A;TOPORS;PNISR;GPATCH8;DDX50;ACIN1;CCNL1;CCNL2;CHERP;CLASRP;
RxRxSS,Nucleocapsid,77,1.80E-03,LARP7;MEPCE;CHD4;BMI1;ZFC3H1;LUC7L2;SRRM1;RNPS1;RPS6;LMNA;SNRNP70;SREK1;PNN;NKAP;GSK3A;SLBP;TSEN54;THRAP3;ZNF638;NKTR;KIF23;HIRIP3;GIGYF2;IRS1;CPSF7;SON;SPATS2;SRSF6;SRSF8;ZCCHC17;TWIST1;SUGP2;SCAF8;RSRC1;TCF12;VCPIP1;TMEM132A;TOPORS;TRA2B;ZNF687;RNASEH2A;PTPN4;RAPGEF6;PHLDB2;PNISR;PTPN21;RANBP3;POM121;PPIG;NSD1;PTCH1;GOLGA4;MAP4K4;GPATCH8;GREB1L;MBD1;ELF1;LUC7L3;LARP1B;FBRSL1;IGBP1;GGA3;KANK2;ATR;CCDC9;CCNL2;ANKRD11;ARHGEF2;ATAD2;ARL6IP4;CHERP;DHX38;CLASRP;ARNTL;DVL2;CLK4;AMOTL1;
RxSxRSR,Nucleocapsid,15,1.90E-03,LUC7L2;SNRNP70;MAST3;BCLAF1;THRAP3;NKTR;DDX5;SON;SRSF6;GIGYF1;FBRSL1;LIN9;C18orf25;CCNL2;CLASRP;
SSxxSS,Nucleocapsid,247,2.50E-03,RRP1B;CHD3;HNRNPA1;NOP56;ZC3H3;BMI1;RPTOR;ZFC3H1;CLK3;SRRM1;NFX1;RNPS1;JMJD6;ATXN2;SH3KBP1;PNN;NKAP;NOLC1;PAXIP1;MAST3;HBP1;MECP2;FXR2;BCLAF1;CUL4B;EDC4;DDX3X;SLBP;SART3;SIPA1L1;XRN1;TAF1D;TTC14;THRAP3;UBAP2;ZC3H14;TNRC6B;TNRC6C;RYBP;SQSTM1;SRPK1;NEK4;NUFIP2;NUP214;RABEP1;RASSF10;PHRF1;PIAS1;MTF1;MTOR;NKTR;HDAC5;HIRIP3;EMSY;HLX;MEX3A;EMD;JPH4;KSR1;MAGI1;ILF3;IRS1;CLK2;AUTS2;BAG3;COIL;CTDP1;CBX2;CDK11A;SORBS1;ZDHHC7;SPATS2;UBAP2L;SF1;WDR26;YTHDF3;ZBTB21;SSRP1;TTLL7;UNK;SMG7;SMG8;SUB1;SMTN;SUN1;SH3PXD2A;WWC1;SYBU;ZMYND8;TAB1;ZNF207;SIMC1;ZNF592;TANC1;SLX4;RSRC1;TSC1;TBX3;TCERG1;TCOF1;SIPA1L2;UBE2E1;ULK1;UQCRFS1;USP11;TNIP1;TNKS1BP1;XPC;SEC31A;TNS3;TOB1;YTHDF2;TP53BP1;ZCCHC10;ZFR;ZNF106;ZNF512;ZNF618;PAXBP1;PAK4;NUP88;NPAS2;PDPK1;PDS5B;PER1;PER2;PALLD;PUM1;PHACTR3;RAPGEF6;PIAS2;NCAPD2;NCAPD3;RNF126;PIP5K1A;PIP5K1C;PITPNM1;MYO10;PML;PNISR;NCBP3;PUM2;NUP153;NR1D2;POM121;PPFIBP1;RBM12;PPIG;MYC;OAZ1;PPP1R15A;RNF10;RNF111;NEFM;RPS6KA5;NCOR2;PRRC2A;RPRD2;PACS1;FUS;MAP4K4;MCC;GPALPP1;GPATCH2;GPATCH2L;KDM5C;GPATCH8;GREB1L;ETV5;GTF2E2;MED4;KIF13B;FOS;ELF1;HDAC7;HDGFL2;EPS15L1;HELZ;HGS;F2RL1;HIPK2;HIPK3;GCH1;FAM104A;HJURP;FAM120A;HMGA1;KDM3B;KDM6B;KIF3B;HPS5;KRI1;LUZP1;IFNGR1;ENDOD1;MED19;GCFC2;IRS4;MEX3B;ITSN2;JADE3;KANK1;KANK2;KCMF1;BACH1;DCAF6;BCL7B;ABI2;BCR;ABL1;DLGAP4;E2F1;C18orf25;CSNK1G2;CAMSAP2;ACD;DDX17;ACIN1;E2F4;ANKRD11;CCNT2;ARHGEF11;CD163;ARID1A;CDK11B;CTTNBP2NL;CWC22;CELF1;CEP164;CEP170;CFAP97;DDX3Y;ARL6IP4;CHEK2;ATF6B;CIC;DOCK3;APBB3;CLASP2;CLASRP;ARNTL;CLIP1;DYRK1A;AMOTL1;CLOCK;ANKHD1;CKAP4;
SSxSxSR,Nucleocapsid,30,2.60E-03,LUC7L2;SRRM1;SREK1;PNN;MAST3;BCLAF1;DDX3X;THRAP3;NKTR;EGFR;SRSF4;SRSF6;SRSF7;SRSF8;SSRP1;SMTN;RSRC1;TOPORS;ZRANB1;PAK4;PNISR;GPATCH8;ABI2;ACIN1;CCNL1;CCNL2;CCNT2;CHERP;CLASRP;CKAP4;
SSRSxxR,Nucleocapsid,18,2.60E-03,LUC7L2;SNRNP70;PNN;NKAP;BCLAF1;TTC14;THRAP3;NKTR;SRSF6;SRSF7;GPATCH8;ABI2;ACIN1;CCNL1;CCNL2;ARHGEF11;CHERP;CLASRP;
SxSRxSxR,Nucleocapsid,14,2.60E-03,RNF123;BCLAF1;NKTR;CPSF7;SRSF6;RSRC1;TOPORS;TRA2B;PKP4;MLF2;LUC7L3;DOCK7;CCNL2;CLASRP;
SSxSSSxS,Nucleocapsid,51,2.60E-03,ZC3H3;ZFC3H1;SRRM1;RNPS1;JMJD6;PNN;NOLC1;CUL4B;EDC4;SIPA1L1;TTC14;THRAP3;NUFIP2;NUP214;NKTR;MEX3A;EMD;BAG3;CBX2;WDR26;TTLL7;SH3PXD2A;SYBU;RSRC1;TCOF1;UBE2E1;ULK1;TOB1;ZCCHC10;PDPK1;RNF126;NCBP3;PPIG;RNF111;PACS1;GTF2E2;MED4;HDGFL2;FAM104A;KDM6B;KRI1;MEX3B;ACIN1;E2F4;CCNT2;CWC22;CELF1;CFAP97;ARL6IP4;CLASRP;CKAP4;
SxxSSxS,Nucleocapsid,258,2.60E-03,BRCA1;RRP1B;EIF2AK2;ZC3H3;RPTOR;ZFC3H1;SUZ12;LUC7L2;CLK3;TRAF6;SRPK2;SRRM1;RNPS1;LMNA;JMJD6;ATXN2;USP10;SREK1;PNN;NOLC1;MAST3;HBP1;BCLAF1;CUL4B;EDC4;DDX3X;BCAR1;SLBP;SIPA1L1;XRN1;TAF1D;TTC14;THRAP3;UBAP2;ZC3H14;TNRC6B;TNRC6C;SKI;TRIM56;ZNF638;NEK4;NUFIP2;NUP214;RASSF10;NXF2;NXF2B;PHRF1;PIAS1;NKTR;HDAC5;LARP1;EMSY;HLX;EPB41L3;EIF4G1;MEX3A;EMD;LIMA1;IRS1;EIF4B;ATF1;AUTS2;BAG3;BARD1;CPSF7;CTDP1;CBX2;SON;ZDHHC7;WDR81;SPATS2;SPECC1L;WDR26;SPTY2D1;SRPK3;SRSF4;SRSF6;SRSF8;SMAD1;TTLL7;UBAP1;UNK;SMG8;SUB1;SMG9;SH3BP5;SCAF8;SH3PXD2A;WWC1;SH3RF2;SHANK3;SYBU;ZMYM3;ZMYND8;ZNF207;SIMC1;ZNF592;TANC1;SLX4;RSRC1;TSC1;TBX3;TCOF1;SIPA1L2;UBE2E1;ULK1;ZNF623;ZNF655;VCPIP1;TMEM132A;TNFRSF21;XPC;TNRC6A;TOB1;TOB2;ZBTB11;ZCCHC10;TPGS2;ZMYND11;ZNF512;ZNF687;ZRANB1;TLE1;PAXBP1;RIF1;RBMS1;PDPK1;PDS5B;PDZK1;PER1;PALLD;PUM1;PHC2;PHF20;RAPGEF6;PHLDB2;RBM5;PIAS2;NCAPD3;RNF126;PIP5K1C;PITPNM1;NFATC3;PLA2G4A;PLEKHA5;NACAD;PLXNA3;PNISR;NCBP3;PNRC2;PUM2;NUP153;NR1D2;POM121;PPHLN1;PPIG;PPP1R15A;NSD1;NSD2;RNF10;RNF111;RPS6KA5;PRKAA2;OSBP2;NCOR2;PRR14L;PRRC2A;RPRD2;PACS1;NUDT3;RPS6KA2;NCKIPSD;FNBP4;FUS;MAP4K4;MCC;GPALPP1;GPATCH2;KIF1B;GPATCH8;GPR161;GREB1L;EIF4EBP1;LSM14A;FYCO1;ETV5;GTF2E2;MED4;FOS;HDAC7;HDGFL2;MAX;F2RL1;HIPK2;HIPK3;FAM104A;FAM120A;HMGA1;KDM6B;FAM83G;KIF21A;KIF3B;HPS5;KRI1;LBR;FBXO5;ERAP1;MEAF6;MED19;GCFC2;MEX3B;ITSN1;GGA3;JADE3;KANK1;KCMF1;DACT1;BCL7B;ABI2;EEF2K;CAMSAP2;ACD;ACIN1;DROSHA;E2F4;CCNL2;ANKRD11;CCNT2;ARHGEF11;ARID1A;CTTNBP2NL;CWC22;CELF1;CENPJ;CEP164;CEP170;DDR1;ATAD2;CFAP97;DDX3Y;ARL6IP4;DES;CHEK2;CHERP;DHX38;ATF6B;APBB1;DOCK3;CLASP2;CLASRP;CLIP1;DYRK1A;AMOTL1;CLOCK;ECT2;EHMT2;ANKHD1;CKAP4;
SRxSSRxR,Nucleocapsid,7,2.70E-03,LUC7L2;SREK1;NKTR;SRSF6;TOPORS;CCNL2;CLASRP;
SRSSxxSR,Nucleocapsid,5,2.80E-03,LUC7L2;GPATCH8;CCNL2;CEP170;CLASRP;
DxDDxSK,Nucleocapsid,5,2.80E-03,CHD4;DDX3X;SMARCA4;ZNF592;CAMSAP2;
RSSxRxR,Nucleocapsid,12,2.90E-03,TERF2;LUC7L2;SREK1;SMG6;PHRF1;GIGYF2;AUTS2;SON;TSPYL2;PCF11;CCNL2;CLASRP;
KKxKKKK,Nucleocapsid,22,2.90E-03,LARP7;SRRM1;ZCRB1;NKAP;NOP58;DKC1;EIF2S2;KNOP1;SON;SPATS2;ZCCHC17;SMARCA4;SDAD1;TCOF1;RABL6;PHF20;PKP4;REXO4;FERMT3;MED19;CPNE8;CEP164;
TxPKKxK,Nucleocapsid,6,3.00E-03,DDX24;NUFIP2;MPHOSPH8;VRK3;RPS27A;CCDC59;
RxSSxSR,Nucleocapsid,15,2.90E-03,LUC7L2;SNRNP70;MAST3;BCLAF1;THRAP3;NKTR;ARHGAP39;SON;SPECC1L;SRSF6;TSC1;TOPORS;GPATCH8;CCNL2;CLASRP;
SRSRxS,Nucleocapsid,18,3.10E-03,PNN;BCLAF1;NKTR;CPSF7;SRCIN1;ZMYM5;SRSF4;SRSF6;SRSF8;TATDN2;TOPORS;TRA2B;PALLD;ELF1;LUC7L3;CCNL2;CHERP;CLASRP;
GSxxxSRS,Nucleocapsid,16,3.30E-03,RNPS1;NEK4;RIPK2;SRSF4;SRSF6;SRSF8;SMARCA4;TBX3;PKP4;PPHLN1;LBR;ABI2;CCNL2;ARL6IP4;CHERP;CLASP2;
RxSSRS,Nucleocapsid,16,3.30E-03,LUC7L2;SNRNP70;SREK1;BCLAF1;THRAP3;NKTR;SON;UTP14A;SRSF6;SCAF8;PNISR;CCNL2;ANKRD11;CHERP;DHX38;CLASRP;
SSxxxxSS,Nucleocapsid,208,3.30E-03,BRCA1;TARDBP;ESR2;ZC3H3;ZFC3H1;IVNS1ABP;CLK3;SRRM1;RNPS1;LMNA;JMJD6;MDM2;ATXN2;UPF1;SETDB1;PNN;NOLC1;MAST3;GRK5;MECP2;BCLAF1;CUL4B;EIF3A;EDC4;DDX3X;SLBP;SIPA1L1;XRN1;TTC14;THRAP3;UBAP2;TNRC6B;RYBP;SQSTM1;SKI;SRPK1;PXN;NOP2;MYO18A;NUFIP2;NUP214;RASSF10;PHRF1;PIAS1;MTF1;NKTR;EMSY;HLX;MEX3A;EMD;MAGI1;MAP3K14;IRS1;CLK2;ARHGAP39;ATF1;BAG3;CTDP1;CBX2;CBX6;SORBS1;SPATS2L;UBAP2L;WDR26;SRGAP2;ZNF174;TTLL7;SMARCA4;SUB1;SMTN;SH3BP5;SH3PXD2A;WWC1;SHANK3;SYBU;SYNPO;ZFP36;ZMYND8;ZNF592;TANC1;SLX4;TBX3;TCF12;TCOF1;SIPA1L2;UBE2E1;ULK1;USPL1;TNKS1BP1;TNRC6A;TP53BP1;ZCCHC10;TPGS2;RTKN;ZNF106;ZNF219;ZRANB1;RCC2;PBX2;NPAS2;PCNP;NVL;RBMS1;PDS5B;OCIAD1;PER1;PUM1;PHC2;PHF11;RAPGEF6;RBM26;PIAS2;RNF126;PIP5K1A;PITPNM1;NFATC3;NACAD;MYO10;PNISR;PUM2;NUP153;NR1D2;PPFIBP1;PPHLN1;NRDC;RBM25;PPIG;MYC;RFXANK;RNF10;RNF111;RPS6KA5;RPAP2;OSBP2;PRPF3;RPRD2;PTCH1;NCKIPSD;FUS;ESCO2;LRRC61;MCC;GPATCH8;GPR161;GTF2E2;KDM4A;FOS;EXOC7;ELF1;HDGFL2;EPS15L1;HELZ;HGS;F2RL1;HIPK2;FAM104A;HJURP;KDM6B;FAM89B;KRI1;LIG3;LUZP1;MAPK8;ING4;MEAF6;MED19;IRS4;MEF2D;MEX3B;KANK1;KCMF1;DACT1;BAG2;BAG6;BCAR3;BCR;DLGAP4;CSNK1G2;CAMSAP2;ACIN1;DOCK7;E2F4;CCHCR1;CCNT2;CREBZF;CRKL;CDH24;ARID1A;CTTNBP2NL;CWC22;AHCYL1;CELF1;CEP164;DCLK1;ATAD2;CFAP97;ARL6IP4;DES;CHEK2;ATF6B;ACTR5;DOCK3;CLASRP;DVL2;CLIP1;DYRK1A;ANKHD1;CIT;
PxKxKKK,Nucleocapsid,17,3.50E-03,CHD3;CHD4;NOP58;GPATCH4;DKC1;NKAPD1;KNOP1;MPHOSPH8;ILF3;DHX9;ZMYND8;ZCCHC10;RABL6;PHF20;CCDC59;CCNL2;ADD1;
SxSSxxS,Nucleocapsid,254,3.50E-03,HNRNPA1;ESR2;ZC3H3;RPTOR;ZFC3H1;SUZ12;LUC7L2;CLK3;SRRM1;RNPS1;LMNA;JMJD6;ATXN2;SREK1;PNN;NOLC1;MAST3;GRK5;BCLAF1;CUL4B;EDC4;DDX3X;BCAR1;SIPA1L1;XRN1;TAF1D;SIRT1;TSEN54;TTC14;THRAP3;SMG5;UBAP2;SMG6;ZC3H14;TNRC6B;TNRC6C;SKI;NEK4;NUFIP2;NUP214;RASSF10;NXF2;NXF2B;PHRF1;PIAS1;MTOR;PRPF40A;NDRG1;NKAPD1;NKTR;HECW2;LARP1;HIRIP3;EMSY;HLX;EPB41L3;MEX3A;EMD;MAGI1;FTSJ3;INTS6;IRS1;AUTS2;BAG3;COIL;CTDP1;CBX2;CDC40;ZDHHC7;UBAP2L;WDR26;SREK1IP1;UBE2E3;SRPK3;WBP11;SRSF4;SRSF8;SSBP4;ZFYVE26;STBD1;TTLL7;SMG8;SUB1;SMG9;SMTN;SH3BP5;SH3PXD2A;WWC1;SH3RF2;SYBU;ZMYND8;SIMC1;ZNF592;TANC1;SLX4;RSRC1;TSC1;TBX3;TCOF1;SIPA1L2;UBE2E1;ULK1;USP43;ZNF655;TNFRSF21;XPC;TNRC6A;TOB1;YTHDC1;ZBTB11;TOPORS;TP53BP1;ZCCHC10;TPGS2;ZFR;ZNF512;ZRANB1;RIF1;NEURL4;NPAS2;RBMS1;PDPK1;PDS5B;PDZK1;PER1;PALLD;PUM1;PHC2;RAF1;PHF20;RAPGEF6;PHLDB2;PIAS2;NCAPD3;RNF126;PIP5K1A;PITPNM1;MYO10;PLXNB1;PNISR;NCBP3;PUM2;NUP153;NR1D2;NOL8;POM121;PPHLN1;PPIG;OAZ1;PPP1R9A;NSD1;NSD2;RNF10;RNF111;MYO9A;RPS6KA5;RPAP2;OSBP2;NCOR2;PRRC2A;RPRD2;PACS1;RPS6KA2;NCKIPSD;FNBP4;GIT2;FUS;MAP4K4;MCC;GPALPP1;MEX3C;GPATCH2;KIF1B;GPATCH8;GPR161;LIN7B;ETV5;GTF2E2;MED4;HADH;KDM4A;FOS;EXOC7;HDGFL2;EPS15L1;HELZ;MAX;HIPK1;HIPK3;FAM104A;HJURP;FAM120A;HMGA1;KDM3B;KDM6B;KIF21A;KIF3B;HPS5;KRI1;FANCM;LBR;INKA2;MEAF6;IRS4;MEX3B;ITSN2;JADE3;KANK1;DACT1;DCAF6;ABI2;DBN1;ACIN1;DOCK7;E2F4;CCNK;CCNL2;ANKRD11;CCNT2;ARHGEF11;CDC42BPB;CDH24;ARID1A;CTTNBP2NL;CWC22;AHCYL1;CELF1;CENPJ;CEP164;CEP170;CEP192;DDR1;ATAD2;CFAP97;ARL6IP4;DES;CHEK2;CHERP;ATF6B;CIC;DOCK3;DOT1L;APBB3;CLASP2;CLASRP;ARNTL;DTX3L;DVL2;CLIP1;DYRK1A;CLK4;CLOCK;ANKHD1;CKAP4;
SRSSSxS,Nucleocapsid,15,3.60E-03,ZFC3H1;LUC7L2;RNPS1;SREK1;PNN;BCLAF1;THRAP3;NKTR;SIMC1;POM121;GPATCH8;ACIN1;CCNL2;CENPJ;CLASRP;
RSxSxS,Nucleocapsid,125,3.70E-03,TRA2A;ZFC3H1;U2AF2;LUC7L2;CLK3;SRRM1;RNPS1;SREK1;PNN;NKAP;PRKAA1;MAST3;LUC7L;MECP2;BCLAF1;DHX8;SRSF1;VSX1;U2AF1;THRAP3;RYBP;ZNF638;PHRF1;PRPF40A;NKTR;KIF23;HIRIP3;HLX;GIGYF2;KSR1;IRS1;CLK2;CREBBP;CPSF7;SON;UTP14A;SPTY2D1;SREK1IP1;SMARCC2;SRSF10;SRSF3;SRSF4;SRSF6;SRSF7;SRSF8;ZBTB21;SRSF9;ZFYVE26;SMARCA4;VIM;SCAF8;WWC1;SHANK3;SIMC1;RSRC1;TATDN2;TBX3;RSRC2;ULK1;USP43;TMEM184B;TOPORS;ZNF106;TRA2B;PCF11;RAF1;PHLDA1;RBM12B;RBM26;PLEKHF2;PNISR;NUP153;POM121;PPFIBP1;PPHLN1;RBM12;MYC;REPS2;NSD1;NEFM;PPP2R5E;NCOR2;RPRD2;NADK;RPS6KA2;MAP4K4;MCC;GPATCH8;LUZP4;GTPBP4;HADH;HDGFL2;LUC7L3;LARP1B;LBR;LIG3;MAP4;IRS4;GGA3;KCND3;CSF2;BCR;DBN1;ABL1;DLGAP4;C16orf87;C18orf25;CAMSAP2;ACIN1;DOCK7;CCNL1;CCNL2;ACSS2;AHCYL1;DAGLA;CENPJ;CEP95;ARL6IP4;DFFA;CHERP;APBB3;CLASP2;CLASRP;CLIP1;ANAPC1;
RxxRGG,Nucleocapsid,50,3.80E-03,FBL;ZFC3H1;NXF1;NCL;ATXN2;SYNCRIP;BCLAF1;UBAP2;XRN2;RNF4;RPS2;RBM3;EIF4G1;EIF4H;METTL14;API5;AUTS2;CPSF7;SF3B1;SAMD1;SCRIB;TRA2B;ZNF219;PPP1R10;NFATC2IP;PRRC2A;GAR1;GIGYF1;FUS;LSM14A;GTF3C1;HIPK1;FAM120A;HMG20A;HNRNPA2B1;KHDRBS2;FAM98A;HNRNPK;LSM14B;G3BP2;INO80B;AVEN;CACNA1A;ACBD5;CCDC9B;CREBZF;ALYREF;CIRBP;CLASRP;CMAS;
SSRxxSR,Nucleocapsid,19,3.80E-03,PLEKHA7;LUC7L2;ATXN2;BCLAF1;XRN1;THRAP3;NKTR;CLK2;SRSF6;SRSF7;ZNF592;PNISR;ABHD16A;ABI2;ACIN1;CCNL1;CCNL2;CHERP;CLASRP;
SSxSxxS,Nucleocapsid,235,3.80E-03,RRP1B;HNRNPA1;ZC3H3;RPTOR;ZFC3H1;CLK3;SRRM1;NFX1;RNPS1;LMNA;JMJD6;MDM2;ATXN2;PNN;NOLC1;MAST3;GRK5;BCLAF1;CUL4B;EDC4;DDX3X;BCAR1;SMNDC1;SLBP;SIPA1L1;XRN1;SIRT1;TSEN54;TTC14;THRAP3;TNRC6B;TNRC6C;SKI;NEK4;NUFIP2;NUP214;RASSF10;NXF2;NXF2B;PIAS1;NKAPD1;NKTR;HIRIP3;EMSY;HLX;EPB41L3;MED12;MEX3A;EMD;LIMA1;FOXG1;IRS1;ATF1;AUTS2;BAG3;COIL;CTDP1;CBX2;CBX8;EGFR;SON;SORBS1;ZDHHC7;UTP14A;WDR81;SPATS2;UBAP2L;WDR26;SPTY2D1;SRGAP2;SRPK3;SARNP;SRSF4;SRSF8;ZCCHC17;SSBP4;TTLL7;UNK;SMG8;SUB1;SMG9;SMTN;SH3BP5;SCAF8;SH3PXD2A;WWC1;SHANK3;SYBU;ZFP36;ZMYND8;SIMC1;ZNF592;TANC1;SLX4;RSRC1;TSC1;TATDN2;TCOF1;SIPA1L2;UBE2E1;ULK1;ZNF71;TMEM132A;TNKS1BP1;XPC;TNRC6A;TNS3;ZBTB11;TOPORS;ZCCHC10;TPGS2;ZMYND11;ZNF106;TLE1;NPAS2;RBMS1;PDPK1;PDS5B;OCIAD1;PER1;PER2;PALLD;PHC2;PHF11;RAPGEF6;PHLDB2;PIAS2;RNF126;PITPNM1;NFATC3;NACAD;PNISR;NUP153;NR1D2;POM121;PPHLN1;PPIG;MYC;NSD1;RNF10;RNF111;NEFM;RPS6KA5;RPAP2;OSBP2;NCOR2;PRR14L;PRRC2A;RPRD2;PACS1;PTCH1;NUMA1;NCKIPSD;GIT2;FUS;MAP4K4;MCC;GPALPP1;MEX3C;KIF1B;GPATCH8;GPR161;GREB1L;FYCO1;GTF2E2;MED4;HADH;KDM4A;FOS;HDAC7;HDGFL2;EPS15L1;HELZ;EPS8;F2RL1;FAM104A;HJURP;FAM120A;KDM6B;KRI1;FANCM;FBXO5;MEAF6;GCFC2;IRS4;MEX3B;MIGA2;ITSN1;ITSN2;JADE3;KCMF1;ASCC1;DACT1;BAG4;DLGAP4;CAMSAP2;AHCTF1;APPL1;CYC1;ACIN1;E2F4;EFCAB14;CCNK;ANKRD11;CCNT2;ARHGEF11;CDC25C;ARID1A;CTTNBP2NL;CWC22;CELF1;CEP164;CEP170;DCLK1;CEP192;ATAD2;CFAP97;DDX3Y;CGN;ARL6IP4;DES;CHEK2;CHERP;ATF2;ATF6B;DOCK3;CLASP2;CLASRP;DVL2;CLIP1;DYRK1A;CLOCK;ANAPC1;ANKHD1;CKAP4;
SSxxxxRS,Nucleocapsid,80,4.10E-03,HNRNPA1;PLEKHA7;ZFC3H1;LUC7L2;CLK3;SRPK2;SRRM1;RNPS1;LMNA;PNN;NKAP;BCLAF1;BCAR1;SIPA1L1;THRAP3;TNRC6C;ZNF638;PRPF40A;NKAPD1;NKTR;EPB41L3;LIMA1;MAP3K14;IRS1;EIF4B;CLK2;CNOT2;CPSF7;SON;SPTY2D1;SRSF4;SRSF6;SRSF7;SRSF8;VIM;SH3PXD2A;SH3RF2;SHANK3;TANC1;SLX4;RSRC1;TATDN2;SIPA1L2;TOPORS;TLE1;PDLIM5;PLXNA3;PALB2;PNISR;PUM2;POGZ;POM121;PPP1R15A;NSD1;NUMA1;GPATCH8;MAEL;HIPK1;KIF18B;LIG3;INSR;ENDOD1;DDX50;BAG2;CROCC;ABL1;CACNA1A;ACBD5;ACIN1;DOCK7;CCNL1;CCNL2;DCLK1;CHERP;CIC;DOT1L;CLASP2;CLASRP;CLK4;AMOTL1;
RSxxSS,Nucleocapsid,95,4.20E-03,ZFC3H1;LUC7L2;CLK3;RNPS1;SREK1;PNN;MAST3;BCLAF1;TAF1D;THRAP3;UBAP2;ZSCAN5A;ZNF638;PHRF1;NKAPD1;NKTR;KNOP1;HIRIP3;JPH4;CLK2;CREBBP;CPSF7;CBX6;SON;WDR81;SPATS2;SPECC1L;UBAP2L;SPTAN1;SRCIN1;SREK1IP1;SRSF6;SRSF8;VIM;WWC1;SH3RF2;ZMYND8;SIMC1;TANC1;SLX4;RSRC1;VCPIP1;XPC;YTHDC1;TOPORS;TP53BP1;TRA2B;TRIM29;OTUD5;PER1;RAPGEF6;PIP5K1A;PITPNM1;PNISR;NCBP3;POM121;RAPGEF1;NSD1;PPP2R5E;RPS6KA2;GOLGA4;MCC;GPATCH8;GREB1L;MAPK8IP3;HADH;ELF1;HDAC7;HDGFL2;LUC7L3;HJURP;GFAP;HPS5;KRI1;FANCM;LIG3;EIF4G3;ERAP1;GGA3;DDX50;BCR;AHCTF1;DDX17;ACIN1;CCNL2;CWC22;CEP170;ARL6IP4;CHERP;DHX38;CIC;CLASP2;CLASRP;CLK4;CLOCK;
PxxDxKKK,Nucleocapsid,7,4.20E-03,TOP1;ATG12;DHX9;NUP98;RPS25;PPFIBP1;CLASRP;
SxxxSSxS,Nucleocapsid,229,4.20E-03,MEPCE;EIF2AK2;ZC3H3;CHD4;RPTOR;ZFC3H1;SUZ12;GSPT2;CLK3;SRRM1;RNPS1;JMJD6;ATXN2;EIF3C;SH3KBP1;SETDB1;PNN;NKAP;NOLC1;MAST3;HBP1;FAF1;GRK5;FXR2;EIF3H;BCLAF1;CUL4B;EDC4;DDX3X;SLBP;SIPA1L1;TTC14;THRAP3;UBAP2;TNRC6B;TNRC6C;SAFB2;PXN;MYO18A;NUFIP2;NUP214;RASSF10;RIPK2;PHRF1;PIAS1;NDE1;NKTR;HDAC4;HDAC5;EMSY;HLX;MEX3A;EMD;FTSJ3;IRS1;CLK2;CTNND1;AUTS2;BAG3;CLCN6;COIL;CBX2;CBX8;VPS39;SORBS1;SPATS2;WDR26;UBE2E3;SRPK3;SRSF4;RYK;SRSF7;SRSF8;ZBTB21;ZCCHC17;SSBP4;SSRP1;SMAD2;TTLL7;UNK;SMG7;SUB1;SMG9;VIM;SH3BP5;SH3PXD2A;WWC1;SYBU;ZFP36;ZMYND8;ZNF207;ZNF346;SIMC1;TANC1;RSRC1;TSC1;SMAD3;TTC3;TBX3;TCF12;TCOF1;SIPA1L2;UBE2E1;ULK1;VRK3;VSX2;TOB1;SNX2;TP53BP1;ZCCHC10;TP53BP2;PAXBP1;RIF1;NPAS2;OSBPL8;RBMS1;PDPK1;OCIAD1;PER1;PER2;PUM1;NUP188;PHF11;PHLDB2;PIAS2;RNF126;RNGTT;PIP5K1C;PITPNM1;NFATC3;PNISR;NCBP3;PUM2;NUP153;NR1D2;NOL8;POLR2A;POM121;PPHLN1;PPIG;REPS2;RNF10;RNF111;RPS6KA5;RNF7;RPRD2;PACS1;PTCH1;NCKIPSD;FNBP4;FUS;LIG1;MAP4K4;GPALPP1;GREB1L;ETV5;GTF2E2;MED4;KDM4A;FOS;LRPPRC;HDGFL2;EPS15L1;HELZ;EPS8;F2RL1;HIPK1;HIPK3;FAM104A;FAM120A;KDM4C;KDM6B;FAM83G;KIF3B;HPS5;KRI1;LHX1;MAP4;MAPK8;ING4;ERAP1;MED19;METTL3;MEX3B;GEMIN5;GGA3;EP300;KANK1;KCMF1;DACT1;BAG4;BCL7B;CAMSAP2;AHCTF1;DDX17;ACIN1;E2F4;CCNL1;ANKRD11;CCNT2;ARHGEF11;CDC14B;ARID1A;CTTNBP2NL;CWC22;CDYL2;CELF1;CEP192;ATAD2;CFAP97;DDX3Y;ARL6IP4;CHEK2;CHERP;ATF2;ATF6B;CIC;DOCK3;CLASP2;CLASRP;DTX3L;DVL2;CLIP1;DYRK1A;AMOTL1;ECT2;ANAPC1;ANKHD1;CKAP4;
SxSxSxxS,Nucleocapsid,235,4.40E-03,HNRNPA1;TRA2A;EIF2AK2;ZC3H3;CHD4;RPTOR;ZFC3H1;SUZ12;GSPT2;SRRM1;RNPS1;RPS6;JMJD6;ATXN2;EIF3C;SREK1;PNN;NKAP;NOLC1;MAST3;BCLAF1;CUL4B;EDC4;DDX24;CRY1;DDX3X;SLBP;RSL1D1;SIPA1L1;XRN1;TAF1D;TTC14;THRAP3;SMG5;UBAP2;TNRC6B;NEK4;NUFIP2;NUP214;RASSF10;RIPK2;PHRF1;PIAS1;MTOR;PRPF40A;NKTR;HIRIP3;EMSY;HLX;EIF4G1;MED12;MEX3A;EMD;MAP3K14;FTSJ3;ILF3;IRS1;CLK2;CTNND1;ATF1;AUTS2;BAG3;CLCN6;COIL;CAPRIN1;CPSF7;CASC3;CBX2;CDC40;SON;UTP14A;SPATS2;UBAP2L;SRCIN1;ZMYM5;TTLL11;UBE2E3;SARAF;SRPK3;SRSF10;SRSF4;SRSF6;RYK;SRSF8;ZCCHC17;ZFYVE26;STBD1;TTLL7;UNK;SMG7;SMTN;SH3BP5;SCAF8;SH3PXD2A;WWC1;SYBU;SNTB2;ZFP36;ZNF207;TAF1;SIMC1;ZNF592;TANC1;SLX4;RSRC1;TSC1;TCERG1;TCOF1;UBE2E1;ULK1;USP43;TNFAIP1;TNRC6A;TNS3;TOB2;TOPORS;ZCCHC10;TRA2B;ZNF512;TRIM16;TRIM28;PCF11;NPAS2;RFC1;NOC2L;PDPK1;PER1;PER2;PUM1;NUP188;PHC2;PHF11;RAF1;RAPGEF6;PHLDB2;RNF126;PITPNM1;NFATC3;PLA2G4A;PLEKHA5;PLEKHF2;PNISR;PUM2;NUP153;POLA1;NR1D2;NOL8;POLR2A;POM121;PPHLN1;PPIG;REPS2;RFWD3;PPP1R9A;NSD1;RNF10;RNF111;NEFM;RPS6KA5;RNF7;ROR2;RPAP2;NCOR2;PRPF3;RPRD2;PACS1;PTCH1;GIGYF1;FUS;MAP4K4;GPALPP1;GPATCH2;KIF1B;GPC4;LUZP4;GTF2E2;MED4;ELF1;HDGFL2;LUC7L3;EPS8;F2RL1;HIPK2;HIPK3;FAM104A;HMGA1;KDM6B;KIF3B;KRI1;LARP1B;LRP8;IRS4;MEX3B;ITSN2;JADE3;KCMF1;MTCL1;DACT1;EBNA1BP2;BCR;C18orf25;CAMSAP2;APPL1;ACIN1;DOCK7;E2F4;CCNL2;ANKRD11;CCNT2;ARHGEF11;ARID1A;CTTNBP2NL;CWC22;AHCYL1;DAGLA;CEP164;CEP170;DCLK1;ATAD2;CFAP97;ARL6IP4;CHEK1;DFFA;CHERP;ATF6B;DMTN;DOCK3;CLASP2;CLASRP;DVL2;CLIP1;DYRK1A;ANAPC1;ANKHD1;CKAP4;
RxRGG,Nucleocapsid,53,4.40E-03,HNRNPU;FBL;ILF2;NCL;EIF3C;SFPQ;SYNCRIP;RING1;CNBP;TRIP6;U2AF1;TERT;LARP1;HNRNPD;HNRNPUL1;MAGI1;ILF3;AGRN;AUTS2;DDX5;BTF3;CAPRIN1;SORBS1;UBAP2L;SRSF8;SLX4;TXLNG;RCC2;POLD1;PPP1R10;NSD1;NCOA5;RPL23;PRRC2A;FUS;LSM14A;GTF3C1;KLHDC10;FAM120A;HNRNPA3;KHDRBS2;HNRNPK;FXR1;ISG15;GET4;FMR1;BAG4;DCAF6;DDX17;ACIN1;DROSHA;CHTOP;ACTR5;
SSxSxS,Nucleocapsid,241,4.80E-03,HNRNPA1;ZC3H3;RPTOR;ZFC3H1;LUC7L2;GSPT2;TRAF6;SRRM1;RNPS1;JMJD6;MDM2;ATXN2;EIF3C;SREK1;PNN;NKAP;NOLC1;MAST3;HBP1;BCLAF1;CUL4B;EDC4;CRY1;DDX3X;BCAR1;VSX1;SIPA1L1;XRN1;TTC14;THRAP3;RYBP;XRN2;NUFIP2;NUP214;RASSF10;OXSR1;PTBP1;RACGAP1;PHRF1;PIAS1;NKTR;HDAC4;HIRIP3;EMSY;HLX;MEX3A;EMD;LIMA1;MAGI1;FOXG1;IRS1;EIF4B;ATF1;BAG3;COIL;CTDP1;CBX2;CBX8;EGFR;SON;SORBS1;ZDHHC7;SPATS2;UBAP2L;WDR26;ZMYM5;SRSF4;SRSF6;SRSF7;SRSF8;ZBTB21;ZCCHC17;ZFYVE26;SSRP1;TTLL7;UNK;SMG8;SUB1;SMG9;SMTN;SH3BP5;SCAF8;SH3PXD2A;WWC1;SYBU;ZFP36;ZMYND8;TAB1;ZNF207;TAF1;SIMC1;ZNF592;TANC1;SLX4;RSRC1;TSC1;TATDN2;TBX3;TCF12;TCOF1;SIPA1L2;UBE2E1;ULK1;WBP4;TNFRSF21;TNKS1BP1;XPC;TNRC6A;TOB1;YTHDC1;TOB2;ZBTB11;TOPORS;ZCCHC10;TPGS2;ZMYM2;ZNF687;ZRANB1;RIF1;PAK4;PCF11;RAB32;NPAS2;OSBPL8;RBMS1;PDPK1;PER1;PALLD;PHF11;RANBP9;RAPGEF6;PHLDB2;PIAS2;RNF126;PIP5K1C;PITPNM1;NFATC3;NACAD;PAN3;PNISR;NCBP3;PUM2;NUP153;NR1D2;POLR2A;POM121;PPHLN1;PPIG;RFWD3;NEFH;NSD1;NSD2;RNF111;RPS6KA5;RNF7;ROR2;NCOA5;PRRC2A;RPRD2;PACS1;PAIP2;GIGYF1;GIT2;FUS;MAP4K4;GPALPP1;KIF1B;GPATCH8;GPR161;GTF2E2;MED4;GTF3C1;FOS;HDAC7;HDGFL2;EPS15L1;EPS8;F2RL1;HIPK2;FAM104A;FAM120A;KCTD3;KDM3B;KDM6B;KIF3B;KRI1;FANCM;LARP1B;IFNGR1;MAP4;MECR;GCFC2;IRS4;MEX3B;ITSN1;ITSN2;KANK1;KCMF1;MTCL1;ABI2;C18orf25;CACNA1A;CAMSAP2;ACD;CAP2;DDX17;ACIN1;DROSHA;E2F4;CCNL1;CCNL2;ANKRD11;CCNT2;CREBZF;ARID1A;CTTNBP2NL;CWC22;CELF1;CENPJ;CEP164;DDR1;ATAD2;CFAP97;DDX3Y;CHCHD3;ARL6IP4;CHEK2;CHERP;ATF2;ATF6B;CHRNA4;APBB1;CIC;DOCK3;CIRBP;DOT1L;DPH5;CLASRP;DYRK1A;ANKHD1;CKAP4;
SSxSS,Nucleocapsid,253,4.80E-03,HNRNPA1;ZC3H3;RPTOR;ZFC3H1;SUZ12;CLK3;SRRM1;RNPS1;LMNA;JMJD6;ATXN2;SH3KBP1;SETDB1;PNN;NKAP;NOLC1;PAXIP1;MAST3;FAF1;GRK5;MECP2;FXR2;BCLAF1;CUL4B;EDC4;DDX3X;ATXN2L;STRBP;SLBP;SIPA1L1;XRN1;TAF1D;TTC14;THRAP3;UBAP2;TNRC6B;TNRC6C;RYBP;SKI;NEK4;NUFIP2;NUP214;RASSF10;RNF31;NKTR;HIRA;HIRIP3;EMSY;HLX;MED12;MEX3A;EMD;KSR1;FTSJ3;IRS1;AUTS2;BAG3;ADAR;COIL;CBX2;CBX6;ZDHHC7;SPECC1L;UBAP2L;WDR26;SPTAN1;SPTY2D1;SREK1IP1;UBE2E3;SRPK3;SRSF4;SRSF8;ZBTB21;SSRP1;TTLL7;UNK;SMG7;SMG8;SUB1;SMG9;SMTN;SH3BP5;SUN1;SH3PXD2A;WWC1;SH3RF2;SYBU;ZFP36;ZMYND8;TAB1;SIMC1;TANC1;SLX4;RSRC1;TSC1;TCOF1;TYK2;SIPA1L2;UBE2E1;ULK1;TMEM132A;TNFRSF21;XPC;SEC31A;TOB1;YTHDC1;ZBTB11;SNX2;TP53BP1;ZCCHC10;ZFR;ZMYND11;ZNF106;ZNF2;ZNF512;ZNF687;TLE1;RIF1;NEURL4;PAK4;NPAS2;OSBPL8;RBMS1;PDPK1;OTUD5;PER1;PER2;PALLD;PUM1;RAF1;RAPGEF6;PHLDB2;PIAS2;PIAS4;RNF126;PITPNM1;NFATC3;PKP4;NACAD;PML;PNISR;NCBP3;PUM2;NUP153;NR1D2;POM121;PPFIBP1;PPHLN1;PPIG;OAZ1;PPP1R9A;NSD1;RNF10;RNF111;MYO9A;RPS6KA5;RPAP2;OSBP2;NCOR2;PRR14L;PRRC2A;RPRD2;PACS1;PTCD1;NCKIPSD;FNBP4;FUS;GOLGA4;MAP4K4;MCC;GPALPP1;GPATCH2;KIF1B;GPATCH8;GREB1L;LSM14A;MAPK8IP3;GTF2E2;MED4;KIF13B;EXOC7;HDAC7;HDGFL2;EPS15L1;EPS8;F2RL1;HIPK1;HIPK2;FAM104A;FAM120A;HMGA1;KDM6B;KIF3B;HPS5;KRI1;IFIH1;FXR1;MAPK8;EIF4G3;ERAP1;MEAF6;MED19;GCFC2;IRS4;MEX3B;GGA3;ITSN2;JADE3;KCMF1;ABI2;BCR;ABL1;BRF1;EEF2K;C18orf25;CRYAB;CAMSAP2;ACD;AHCTF1;DDX17;ABCC5;ACIN1;E2F4;ANKRD11;CCNT2;ARHGEF11;ARID1A;CTTNBP2NL;CWC22;CELF1;CEP164;CEP170;ATAD2;CFAP97;DDX3Y;ARL6IP4;CHEK2;CHERP;ATF6B;CIC;DOCK3;CLASP2;CLASRP;ARNTL;DTX3L;DVL2;CLIP1;DYRK1A;CLOCK;ECT2;ANKHD1;EIF2B3;CKAP4;
SxRxRxxS,Nucleocapsid,66,5.30E-03,HNRNPA1;TRA2A;SNW1;CUL7;CHD4;ZFC3H1;LUC7L2;SRRM1;RNPS1;MDM2;SREK1;PNN;PABPN1;NKAP;MAST3;GSK3A;BCLAF1;DDX3X;SAP30BP;THRAP3;MYO18A;RBM34;NKTR;IRS1;CPSF7;CTDP1;SON;SPATS2;SRSF3;SRSF4;SRSF6;SRSF7;SRSF8;SHANK3;RSRC1;TATDN2;TCF12;RSRC2;TOPORS;TRA2B;ZRANB1;PCF11;NIPSNAP2;RAF1;PNISR;NEDD4L;NCOR2;RPL23;GPATCH8;GSK3B;HDGFL2;LIN9;DCAF6;EDC3;C18orf25;ACIN1;CCDC9;CCNL1;CCNL2;ANKRD11;CEP170;CHERP;DHX38;CIC;CLASRP;CLK4;
SRSxxxS,Nucleocapsid,98,5.30E-03,TRA2A;ZFC3H1;LUC7L2;CLK3;SRRM1;RNPS1;CEP250;SREK1;PNN;PABPN1;NKAP;LUC7L;BCLAF1;DHX8;SRSF1;THRAP3;SAFB2;ZNF638;NEK4;MYO18A;NUP214;PHRF1;PRPF40A;NKTR;KNOP1;MAP3K14;DLST;CLK2;ARHGAP39;CREBBP;CPSF7;SON;SORBS1;SRSF10;SRSF3;SRSF4;SRSF6;SRSF7;SRSF8;SRSF9;VIM;SCAF8;SHANK3;SYNPO;ZMYND8;SIMC1;SLX4;RSRC1;TATDN2;TBX3;RSRC2;TMEM184B;YTHDC1;TOPORS;TRA2B;TRIM29;NPAS2;PER1;RAB5C;RAPGEF6;PHLDB2;RBM26;PITPNM1;PNISR;POM121;RBM25;PPIG;NADK;RPS6KA2;MAP4K4;GPATCH8;ELF1;LUC7L3;FANCA;LBR;MAP4;ERAP1;IRS4;ITSN1;CPSF6;C16orf87;AHCTF1;ACIN1;DOCK7;CCDC9;CCNL1;CCNL2;ARID1A;AHCYL1;CENPJ;CENPO;CEP170;CGN;ARL6IP4;CHERP;CLASRP;CLOCK;ANAPC1;
SSRSxS,Nucleocapsid,26,5.30E-03,LUC7L2;SRRM1;RNPS1;SREK1;PNN;BCLAF1;THRAP3;PHRF1;NKTR;SON;SRSF6;SRSF7;SRSF8;SCAF8;TCF12;PNISR;PPHLN1;GTF3C1;MAP4;ABI2;ACIN1;CCNL1;CCNL2;CHERP;CIRBP;CLASRP;
PKxxKKxK,Nucleocapsid,13,5.50E-03,RIOK1;NOP56;CHD4;DKC1;SP100;RYBP;RNF168;RPS25;PHF20;HMGB2;IBTK;EIF4G3;DDX21;
SxSxxSxR,Nucleocapsid,91,5.80E-03,HNRNPA1;TRA2A;ZFC3H1;CLK3;SRRM1;RNPS1;LMNA;ZCRB1;PNN;NKAP;RNF123;BCLAF1;DDX3X;TTC14;THRAP3;UBAP2;TNRC6B;NEK4;RACGAP1;PHRF1;PRPF40A;NKTR;HECW2;JPH4;CLK2;CPSF7;CASC3;CBX6;UBAP2L;SPTY2D1;TTLL11;SRSF6;SRSF8;ZFYVE26;SSRP1;SMTN;VIM;SCAF8;SH3PXD2A;SYBU;ZNF592;SLX4;RSRC1;TCF12;TCOF1;SNIP1;TNFRSF21;XPC;TOPORS;ZFR;TRA2B;NOTCH3;PHC2;RAPGEF6;PHLDB2;PIP5K1A;PKP4;PNISR;PTPN18;POLA1;POLR2A;PPHLN1;RBM14;PRR14L;GIGYF1;MLF2;FNBP4;MCC;GPATCH8;GPC4;ELF1;LUC7L3;FAM83G;JADE3;DDX50;DLGAP4;CAMSAP2;CAP2;ACIN1;DOCK7;CCNL2;CCNT2;ARHGEF11;ARHGEF2;CDC25C;CEP170;CEP192;ATF6B;CLASRP;DVL2;CLOCK;
SSxxSxxS,Nucleocapsid,246,5.80E-03,RNF2;TARDBP;HNRNPA1;ESR2;MNDA;ZC3H3;PLEKHA7;CUL7;RPTOR;ZFC3H1;CLK3;SRRM1;RNPS1;LMNA;JMJD6;ATXN2;PNN;PRKAA1;NOLC1;MAST3;HBP1;GRK5;FXR2;BCLAF1;CUL4B;EDC4;DDX3X;BCAR1;SLBP;SIPA1L1;SP100;XRN1;TTC14;THRAP3;UBAP2;SMG6;SQSTM1;SKI;ZNF638;NEK4;NUFIP2;NUP214;RASSF10;PHRF1;PIAS1;PRPF40A;NKTR;HDAC5;HIRIP3;EMSY;HLX;GIGYF2;MED12;MEX3A;EMD;MAGI1;MCM4;IRS1;CLK2;AUTS2;BAG3;COIL;CBX2;UTP14A;WDR81;SPATS2;UBAP2L;WDR26;SREK1IP1;SRPK3;SND1;ZBTB21;TTLL7;STK10;SUB1;SMTN;SH3BP5;SH3PXD2A;WWC1;SH3RF2;SYBU;SNX17;ZFP36;ZMYND8;ZNF207;SIMC1;ZNF592;TANC1;SLX4;RSRC1;TSC1;TATDN2;TBRG4;TBX3;SMAD9;TCF12;TCOF1;SIPA1L2;UBE2E1;ULK1;VRK3;TNFRSF21;TNS3;TOB1;TOPORS;TP53BP1;ZCCHC10;ZCCHC7;ZFR;ZMYM2;ZNF687;TLE1;PAXBP1;PBX2;NPAS2;PDLIM5;PDPK1;RFX5;PELO;PER1;PER2;PALLD;PUM1;PHC2;PHF11;RAF1;RAPGEF6;PHLDB2;RBM26;RNF126;PIP5K1C;PITPNM1;PKP4;PLXNA3;PLXNB1;PNISR;NCBP3;PUM2;NUP153;NR1D2;POM121;NRDC;RBM25;PPIG;MYC;OAZ1;PPP1R13B;NSD1;RNF10;RNF111;RPS6KA5;RPAP2;OSBP2;PRPF3;PRRC2A;RPRD2;PACS1;NUMA1;NCKIPSD;FNBP4;GIT2;FUS;MAP4K4;GPALPP1;GPATCH8;FNDC3B;LARP4;GREB1L;ETV5;GTF2E2;MED4;KDM4A;FOS;EXOC7;ELF1;HDGFL2;EPS15L1;MAGED2;EPS8;F2RL1;HIPK1;HIPK2;HIPK3;FAM104A;FAM120A;KDM3B;KDM6B;FAM89B;HPS5;KRI1;LPP;LRRC42;FBXO7;INKA2;ENDOD1;MED19;IRS4;MEX3B;ITSN2;JADE3;KANK1;KCMF1;DACT1;DDX50;DNTTIP2;BCL7B;ABI2;AOC2;ACD;APPL1;ACIN1;DOCK7;CCDC9;E2F4;ANKRD11;CCNT2;ARHGEF11;CD163;CDC42BPB;CDH24;ARID1A;CTTNBP2NL;CWC22;AHCYL1;CELF1;CEP192;CFAP97;DDX3Y;ARL6IP4;CHEK2;ATF6B;CIC;DOCK3;DOT1L;CLASP2;CLASRP;ARNTL;DVL2;CLIP1;DYRK1A;CLK4;AMOTL1;CLOCK;CMAS;ANKHD1;CKAP4;
PxxxxKKK,Nucleocapsid,50,5.90E-03,CHD3;CHD4;U2AF2;TERF1;ZCRB1;RPL5;NOP58;GPATCH4;DKC1;EIF2S2;SP100;TOP1;KNOP1;HMGB3;MPHOSPH8;ATG12;DHX9;SMARCC2;WBP11;UTP4;TCOF1;ZCCHC10;ZMYM2;RIF1;NKRF;RABL6;NUP98;RPS25;PHACTR3;PHF20;PKP4;PNRC1;PPFIBP1;PPP1R10;NSD1;PSMC1;KLHDC10;ELF1;HDGFL2;KIF11;KRI1;FEN1;FERMT3;MCRS1;MED19;GEMIN5;ABCF2;DOT1L;CLASRP;EIF2B3;
SRxxxRxS,Nucleocapsid,55,5.90E-03,TRA2A;U2AF2;NIFK;RNPS1;ATXN2;SNRNP70;PNN;NKAP;LUC7L;BCLAF1;EIF3A;SRSF1;U2AF1;TTC14;THRAP3;SMG5;SAFB2;ZNF638;NKTR;CLK2;SON;SRSF4;SRSF6;SRSF7;SRSF8;SMARCA4;SCAF8;RSRC1;RSRC2;TMEM132A;TOPORS;TRA2B;ZSCAN32;NOC2L;RBM5;PIWIL2;PKP4;PNISR;PPIG;PPM1D;NCOR2;PRRC2A;PTCD1;GPATCH8;HAP1;LUC7L3;HELZ2;FBRS;EPS8L2;ACIN1;DCP2;ARL6IP4;CHERP;CLASP2;CLASRP;
RSxxxSR,Nucleocapsid,66,5.90E-03,TRA2A;CYLD;U2AF2;LUC7L2;CLK3;SRRM1;CEP250;SREK1;NKAP;LUC7L;BCLAF1;DHX8;SRSF1;SGTA;U2AF1;THRAP3;ZNF638;PHRF1;NKTR;DLST;CLK2;CPSF7;SON;SRSF10;SRSF3;SRSF4;SRSF6;SRSF7;SRSF8;SRSF9;SCAF8;RSRC1;TATDN2;RSRC2;TOPORS;TRA2B;RBM26;PNISR;RBM25;PPIG;NEFM;MAP4K4;GPATCH8;MAPK8IP3;GTPBP4;LUC7L3;LBR;LNX1;CREB3;DDX50;CPSF6;EDC3;ACD;ACIN1;DROSHA;CCNL1;CCNL2;ACSS2;CTSC;CEP170;ARL6IP4;CHERP;DHX38;CLASP2;CLASRP;ECT2;
KxxKKKA,Nucleocapsid,12,6.00E-03,ZCRB1;PA2G4;NOLC1;DKC1;UBAP2L;SMARCA4;TAPBP;TCOF1;UNC119B;DDX21;CPSF1;CEP164;
SSxSxxxS,Nucleocapsid,236,6.00E-03,PCLAF;BRCA1;HNRNPA1;ZC3H3;RPTOR;ZFC3H1;LUC7L2;EZH2;CLK3;SRPK2;SRRM1;NOP53;RNPS1;LMNA;JMJD6;ATXN2;SREK1;UIMC1;PNN;PABPN1;NKAP;RING1;NOLC1;MAST3;GRK5;BCLAF1;CUL4B;EIF3A;EDC4;DDX3X;ATXN2L;VSX1;SIPA1L1;XRN1;TTC14;THRAP3;UBAP2;ZSCAN5A;VASP;TNRC6B;TOP2B;SKI;NEK4;RBMS2;NUFIP2;NUP214;RASSF10;PHRF1;PIAS1;MTF1;NKAPD1;NKTR;HIRIP3;EMSY;HLX;EIF4G1;MEX3A;EMD;MAGI1;IRS1;EIF4B;CTNND1;ARHGAP39;ATF1;BAG3;COIL;CTDP1;CBX2;SON;SORBS1;SPATS2;SPECC1L;WDR26;SREK1IP1;SRPK3;SRSF4;SRSF6;RYK;SRSF7;SRSF8;TTLL7;SUB1;SMTN;SH3BP5;SH3PXD2A;WWC1;SH3RF2;SHANK3;SYBU;ZFP36;ZMYND8;ZNF207;TAF1;SIMC1;TANC1;SLX4;RSRC1;TSC1;TBX3;TCF12;TCOF1;SIPA1L2;UBE2E1;ULK1;VSX2;WBP4;TNFRSF21;TNKS1BP1;TNRC6A;TOB1;TOB2;ZBTB11;TOPORS;TP53BP1;ZCCHC10;TPGS2;ZFR;ZNF106;ZNF687;RCC2;NPAS2;OSBPL8;PDPK1;PDS5B;OCIAD1;RPF1;PER1;PUM1;PHC2;RAF1;RANBP9;PHF20;RAPGEF6;PHLDB2;RNF126;RORB;PITPNM1;PLA2G4A;PLEKHA5;NACAD;PNISR;NCBP3;PUM2;NUP153;NR1D2;POLR2A;NR2F6;POM121;PPHLN1;RBM14;PPIG;MYC;OAZ1;RFWD3;PPP1R15A;NEFH;NSD1;RNF10;RNF111;RPS6KA5;RPAP2;OSBP2;OXA1L;N4BP2;PRRC2A;RPRD2;PACS1;PTCH1;NCKIPSD;GIGYF1;FUS;GMEB2;GPALPP1;GPATCH8;GPR161;EIF4EBP1;GTF2E2;MED4;HDAC7;HDGFL2;EPS15L1;HIPK1;FAM104A;HJURP;HLA-A;KDM3B;KDM6B;KIF18B;HPS5;KRI1;LARP1B;INSR;MEAF6;MEX3B;GGA3;ITSN2;JADE3;KANK2;ATR;DDX50;BCL7B;ABI2;DLGAP4;C18orf25;ACBD5;ACIN1;DROSHA;E2F4;CCNL1;CCNL2;ANKRD11;CCNT2;ARHGEF2;CREBZF;ARID1A;ACTB;CWC22;CELF1;ATAD2;CFAP97;CHCHD3;ARL6IP4;CHEK2;CHERP;ATF6B;CIC;DOCK3;CLASP2;CLASRP;ARNTL;CLIP1;DYRK1A;CLOCK;EHMT2;ANGPT2;CKAP4;
SxRxxxRS,Nucleocapsid,54,6.30E-03,TARDBP;TRA2A;CUL7;ZFC3H1;LUC7L2;LMNA;PNN;NKAP;MAST3;BCLAF1;THRAP3;ZNF638;RBM34;NKTR;JPH4;CLK2;BHLHE40;CPSF7;SON;SORBS1;SRGAP2;SRSF6;SRSF7;SRSF8;SHANK3;ZMYM3;RSRC1;TATDN2;ZMYND11;TRA2B;PCF11;PER1;PNISR;RBM25;NCOR2;NTHL1;NUMA1;GIGYF1;GPATCH8;LUC7L3;LBR;DDX50;BAG6;DCAF6;BCL7B;CPSF6;CACNA1A;ACIN1;CCNL1;CCNL2;CGN;CHERP;DHX38;CLASRP;
SxxxSxSS,Nucleocapsid,244,6.50E-03,IFI16;TARDBP;MEPCE;ESR2;EIF2AK2;ZC3H3;SNW1;RPTOR;ZFC3H1;SUZ12;SRPK2;SRRM1;RNPS1;RPS6;LMNA;JMJD6;ATXN2;EIF3C;PNN;NOLC1;MAST3;FAF1;FXR2;EIF3H;BCLAF1;CUL4B;EDC4;DDX3X;RSL1D1;SIPA1L1;XRN1;TAF1D;TTC14;THRAP3;UBAP2;ZC3H14;TNRC6B;SKI;NEK4;MYO18A;NUFIP2;NUP214;RASSF10;PHRF1;PIAS1;MTOR;NDE1;NDRG1;NKTR;EMSY;HLX;MEX3A;MPHOSPH8;EMD;IFIT2;MAGI1;MAP3K14;EIF4B;CLK2;ARHGAP39;CNOT2;AUTS2;BAG3;COIL;CAPRIN1;CPSF7;CBX2;CDC40;SPECC1L;UBAP2L;WDR26;SRPK3;SRSF4;SRSF6;RYK;SRSF8;SSBP4;TTLL7;UNK;SMG7;SUB1;SMG9;SMTN;SH3BP5;SH3PXD2A;WWC1;ZFP36;ZMYND8;ZNF207;SIMC1;ZNF592;TANC1;SLX4;TATDN2;TTC3;TBX3;TCOF1;TDRD3;SIPA1L2;UBE2E1;ULK1;THRA;USP43;TOPORS;ZCCHC10;RTKN;ZNF512;TRIM28;TLE1;RIF1;NPAS2;RFC1;RBMS1;NAB1;PER1;PER2;PUM1;PHF11;RAPGEF6;RBM26;PIAS2;RNF126;PITPNM1;NFATC3;PKP4;MYO10;PAN3;PNISR;NCBP3;PUM2;POGZ;NUP153;NR1D2;NOL8;POLR2A;POM121;RAPGEF1;PPHLN1;NRDC;RBM25;PPIG;MYC;RFWD3;PPP1R9A;NSD1;RNF10;RNF111;NEFM;RPS6KA5;RNF214;RPAP2;OSBP2;PRPF3;PRR14L;PRRC2A;RPRD2;NCKIPSD;FNBP4;FUS;MAP4K4;MCC;MEX3C;GPATCH2;KIF1B;GPATCH8;GREB1L;LSM14A;GTF2E2;MED4;KDM4A;KIF4A;FOS;EXOC7;ELF1;HDGFL2;EPS15L1;HELZ;F2RL1;HIPK2;FAM104A;HMGA1;MRPS18B;KDM3B;KDM6B;FAM89B;KIF3B;HPS5;KRI1;FANCM;IFNGR1;MAPK8;ING4;ERAP1;MED19;IRS4;MEX3B;GEMIN5;GGA3;EP300;KANK1;KCND3;DACT1;CROCC;ABI2;ABL1;EEF2K;ACD;ACIN1;DOCK7;E2F4;ANKRD11;CCNT2;ARHGEF11;CDH24;ARID1A;CWC22;AHCYL1;CELF1;ARL2BP;CEP164;CEP170;DCLK1;CEP85;CEP95;ATAD2;CFAP97;ARL6IP4;CHEK1;CHEK2;CHERP;ATF6B;DMTN;CIC;DOCK3;DOT1L;CLASP2;CLASRP;CLIP1;DYRK1A;AMOTL1;CLOCK;ECT2;ANAPC1;ANKHD1;
RSxxRR,Nucleocapsid,56,6.70E-03,CHD3;TRA2A;U2AF2;LUC7L2;CLK3;SRRM1;RNPS1;SNRNP70;NKAP;RBM4;LUC7L;FXR2;BCLAF1;U2AF1;THRAP3;SMG6;RBM8A;NKTR;HIRIP3;MAGI1;CLK2;SON;SRSF10;SRSF3;SRSF4;SRSF6;SRSF7;SRSF8;RSRC1;TSPYL2;SMARCC1;RSRC2;ZMYM4;RTKN;TRA2B;ZNF512;RIF1;PCF11;PHF14;PNISR;NCBP3;RBM14;PPIG;NCOR2;NSUN2;NUMA1;LIN7B;LUC7L3;KIF3B;LSM14B;FXR1;CROCC;ACIN1;DROSHA;DNMT1;CLASRP;
SRxxSxS,Nucleocapsid,117,6.80E-03,TRA2A;ZFC3H1;LUC7L2;SRPK2;SRRM1;RNPS1;SREK1;PNN;NKAP;MAST3;LUC7L;FXR2;BCLAF1;DDX3X;DHX8;SRSF1;SGTA;THRAP3;ZC3H14;TNRC6B;TNRC6C;ZNF638;MYO18A;PHRF1;PRPF40A;NDRG1;NKTR;LIMA1;EIF4B;DLST;CLK2;ARHGAP39;CNOT2;CPSF7;SON;SPECC1L;SRSF10;SRSF3;SRSF4;SRSF6;SRSF7;SRSF8;SRSF9;SSRP1;TTLL7;SUB1;SCAF8;SHANK3;SYT12;SIMC1;SLX4;RSRC1;SIPA1L2;RSRC2;VCPIP1;TMEM184B;TOPORS;RTKN;ZNF106;TRA2B;RIF1;PHACTR3;RBM26;PKP4;PNISR;NCBP3;POM121;RAPGEF1;PPHLN1;OAZ1;NEDD4L;OSBP2;NCOR2;NFATC2IP;NADK;RPS6KA2;MAP4K4;GPATCH8;GREB1L;LUZP4;HAP1;FOS;HELZ;KIF21A;HPS5;LBR;FBXO38;FXR1;IFNGR1;IGBP1;MAP4;MATN2;IRS4;MTCL1;DDX50;ABI2;C16orf87;CAP2;CARHSP1;ACIN1;DOCK7;CCNL1;CCNL2;CDC42BPB;AHCYL1;CENPJ;DCTN1;DDX3Y;ARL6IP4;CHERP;DHX38;DMTN;CLASP2;CLASRP;ECT2;AMPD2;ANAPC1;
PKxxxKxK,Nucleocapsid,48,7.20E-03,RIOK1;NOP56;CHD4;NFX1;ZCRB1;RPL5;DKC1;EDC4;DDX24;SP100;RYBP;TOP1;TOP2B;NOP2;RBM34;RNF168;RPL23A;RPL29;KNOP1;EIF4G1;MPHOSPH8;SPTY2D1;SRSF10;SLX4;TTC3;WBP4;RPS25;PHF20;PNISR;PNRC1;NEFH;PRKCA;MYO1E;PSMD1;LIG1;HMGB2;IBTK;FEN1;EIF4G3;MED19;GEMIN5;DDX21;DLGAP4;DPF2;ABCC5;ANKRD11;ARID1A;CIC;
SRSxS,Nucleocapsid,112,7.70E-03,BRCA1;TRA2A;ZC3H3;ZFC3H1;U2AF2;LUC7L2;CLK3;SRRM1;RNPS1;ATXN2;SREK1;PNN;NKAP;MAST3;LUC7L;BCLAF1;DDX3X;DHX8;YAF2;SRSF1;U2AF1;SUPT16H;SP100;THRAP3;TNRC6C;ZNF638;PHRF1;PRPF40A;NKTR;HNRNPDL;LIMA1;DLST;CLK2;CTNND1;SON;SRCIN1;SRSF10;SRSF3;SRSF4;SRSF6;SRSF7;SRSF8;SRSF9;STBD1;TTLL7;SCAF8;SHANK3;SIMC1;RSRC1;TBX3;TCF12;TCOF1;TYK2;RSRC2;USP2;TMEM184B;TNFAIP1;TOPORS;TRA2B;PCF11;PER2;RBM26;PNISR;POM121;PPHLN1;RBM12;PPIG;REPS2;RNF111;NADK;RPS6KA2;GIGYF1;FNBP4;MAP4K4;GPATCH2;KIF1B;GPATCH8;FYCO1;GTF3C1;MORC4;LUC7L3;LBR;FBRSL1;FXR1;MAP4;IRS4;GGA3;MTCL1;DDX50;ABI2;BCR;DLGAP4;C16orf87;C18orf25;CACNA1A;ACIN1;CCDC134;DOCK7;CCNL1;CCNL2;ARID1A;AHCYL1;CENPJ;CEP192;CEP78;ARL6IP4;CHERP;CIRBP;CLASP2;CLASRP;CLK4;ANAPC1;
SSxxxSxS,Nucleocapsid,223,7.90E-03,BRCA1;TRIM25;ESR2;ZC3H3;BMI1;ZFC3H1;LUC7L2;CLK3;SRRM1;RNPS1;RPS6;JMJD6;ATXN2;ZCRB1;PNN;NOLC1;PAXIP1;MAST3;HBP1;BCLAF1;CUL4B;EDC4;DDX3X;ATXN2L;USP5;VSX1;SLBP;SIPA1L1;SIRT1;TTC14;THRAP3;UBAP2;MYO18A;NUFIP2;NUP214;RASSF10;NXF2;NXF2B;PHRF1;PIAS1;NKTR;HDAC5;EMSY;EPB41L3;MAGEB2;MEX3A;EMD;MAGI1;MAP3K14;IRS1;EIF4B;CNOT2;BAG3;BHLHE40;COIL;CTDP1;CBX2;DEK;CDK11A;SON;SORBS1;SPATS2;SPECC1L;UBAP2L;WDR26;SRGAP2;SRSF4;SRSF6;SRSF7;SRSF8;SSRP1;TTLL7;STK10;UBAP1;SUB1;SMTN;SH3BP5;SH3PXD2A;WWC1;SH3RF2;SYBU;ZFP36;ZMYND8;ZNF207;TAF1;SIMC1;ZNF592;TANC1;RSRC1;TBX3;TCF12;TCOF1;SIPA1L2;RSRC2;UBE2E1;ULK1;THRA;USP43;VCPIP1;WBP4;TNRC6A;TOB1;TOB2;ZBTB11;TOPORS;ZCCHC10;TPGS2;ZFR;PAXBP1;RIF1;OSBPL8;RBMS1;PDPK1;PDPR;PUM1;RANBP9;PIAS2;RNF126;PIP5K1C;PITPNM1;NACAD;MYO10;PNISR;NCBP3;PUM2;NUP153;NR1D2;POLR2A;POM121;PPFIBP1;PPIG;RFWD3;NEDD4L;NEFH;RNF10;RNF111;NEFM;RPS6KA5;RNF214;RPAP2;NCOR2;RPRD2;PACS1;GIGYF1;LRRC61;MAP4K4;MCC;GPALPP1;MEX3C;KIF1B;GPATCH8;GPC4;GPR161;ETV5;GTF2E2;MED4;GTPBP4;HADH;KDM4A;KIF13B;FOS;EXOC7;HDGFL2;EPS15L1;HELZ;HEY1;F2RL1;HIPK2;HIPK3;FAM104A;FAM120A;KDM3B;KDM6B;FAM89B;HPS5;KRI1;LPP;IFNGR1;IGBP1;ING4;MED19;MEX3B;EP300;KANK1;KCMF1;AVEN;DNTTIP2;BAG4;BAG6;BCL7B;ABI2;CAMSAP2;ACIN1;E2F4;CCNL1;CCNL2;ANKRD11;CCNT2;ARHGEF11;CREBZF;CDC42BPB;ARID1A;CDK11B;CTTNBP2NL;CWC22;CELF1;DCTN1;ATAD2;CFAP97;CHCHD3;ARL6IP4;CHERP;ATF6B;DMTN;DOCK3;APBB3;CLASRP;CLIP1;DYRK1A;E2F2;AMOTL1;ANKHD1;CKAP4;
GSxxxSR,Nucleocapsid,57,8.20E-03,TRA2A;WWP2;RNPS1;CEP250;DDX3X;VSX1;SUPT16H;TTC14;NEK4;RASSF10;RIPK2;RBM8A;EIF4H;MAGI1;SRCIN1;SRSF4;SRSF6;SRSF7;SRSF8;SMARCA4;SUGP2;SUPT5H;WWC1;SYBU;SLX4;TBX3;TNFRSF21;XPC;NOC2L;NKRF;PDLIM4;PITPNM1;P2RY2;PKP4;POLA1;PPHLN1;GSK3B;LEMD3;MSH6;LARP1B;LBR;GFPT1;ABCF3;DDX50;ABI2;DLGAP4;ACBD5;CCNL2;CEP192;ARL6IP4;DENND1A;DES;CHERP;DHX38;DMTN;CLASP2;COL4A3;
SRSxxSxR,Nucleocapsid,13,8.40E-03,BCLAF1;PHRF1;CPSF7;SRSF6;SCAF8;TOPORS;TRA2B;PTPN18;PRR14L;LUC7L3;CCNL2;CEP170;DVL2;
TxxKKxKK,Nucleocapsid,13,8.40E-03,CHD4;PINX1;PA2G4;NOP58;IK;DKC1;EIF2S2;YAF2;TOP2B;MPHOSPH8;SPATS2;DNAJC8;CCDC59;
PxKxxKK,Nucleocapsid,51,8.40E-03,CHD3;CHD4;SRRM1;NCL;ZCRB1;RPL5;NOP58;GPATCH4;IK;DKC1;SURF6;RSL1D1;SP100;RYBP;NKAPD1;KNOP1;EPB41L3;HMGB3;GIGYF2;MPHOSPH8;LIMA1;GNL2;ILF3;DHX9;SON;WBP11;SUB1;ZMYND8;TAF1;TCOF1;ZCCHC10;PTPN4;RABL6;RPS25;PHACTR3;PHF20;PNRC1;PRR14L;RPRD2;FOXH1;HMGB2;EIF4G2;MAP4;FERMT3;EIF4G3;CCDC59;CCNL2;ANKRD11;ADD1;CEP78;DOT1L;
SxxSSRS,Nucleocapsid,26,8.40E-03,EIF2AK2;LUC7L2;CLK3;SRRM1;RNPS1;SREK1;BCLAF1;NEK4;PHRF1;NKTR;AUTS2;SRSF6;SRSF8;SIPA1L2;TMEM132A;RAPGEF6;PIAS2;NFATC3;PNISR;POM121;PPHLN1;ABI2;ACIN1;CCNL2;DHX38;CLASRP;
PQxQxxxP,Nucleocapsid,44,9.70E-03,JUN;IFI16;STAU1;PYHIN1;PLEKHA7;YAP1;PAXIP1;ATXN2L;NUFIP2;EMSY;HLX;GIGYF2;FOXG1;CREBBP;AUTS2;UTP14A;YTHDF3;SAMD1;ZMYM3;ZNF207;SMARCC1;USP43;SEC31A;TNRC6A;ZFR;ZNF219;TIAL1;PHC2;PHLDA1;RNF185;PUM2;QRICH1;PPP2R5D;PACS1;KHDC4;MED29;MEF2D;EP300;KANK2;BAG6;ACIN1;CCNK;ARID1A;COL5A1;
PxKxKxK,Nucleocapsid,51,9.70E-03,CHD3;ZC3H3;PLEKHA7;CHD4;EZH2;ZCRB1;RPS14;NOP58;GPATCH4;DKC1;DDX24;SART3;SUPT16H;SURF6;ZNF638;NKAPD1;KNOP1;HMGB3;MPHOSPH8;ILF3;DHX9;SPATS2L;SMARCC2;SHANK3;ZMYND8;TTC3;SNIP1;ZCCHC10;NOSIP;RFC1;RABL6;MTIF2;PHF14;PHF20;RBBP5;RAD21;NSD2;MYO9A;RPS27A;MAPK8IP3;FANCI;FBXO38;ING5;MED19;IRS4;CSDE1;AHCTF1;CCDC59;CCNL2;ANKRD11;ADD1;